012230333342
012230333352
012230333362
012230333372
012230333382
012230333392
012240444432
012240444452
012240444462
012240444472
012240444482
012240444492
012250555532
012250555542
012250555562
012250555572
012250555582
012250555592
012260666632
012260666642
012260666652
012260666672
012260666682
012260666692
012270777732
012270777742
012270777752
012270777762
012270777782
012270777792
012280888832
012280888842
012280888852
012280888862
012280888872
012280888892
012290999932
012290999942
012290999952
012290999962
012290999972
012290999982
013320222243
013320222253
013320222263
013320222273
013320222283
013320222293
013340444423
013340444453
013340444463
013340444473
013340444483
013340444493
013350555523
013350555543
013350555563
013350555573
013350555583
013350555593
013360666623
013360666643
013360666653
013360666673
013360666683
013360666693
013370777723
013370777743
013370777753
013370777763
013370777783
013370777793
013380888823
013380888843
013380888853
013380888863
013380888873
013380888893
013390999923
013390999943
013390999953
013390999963
013390999973
013390999983
014420222234
014420222254
014420222264
014420222274
014420222284
014420222294
014430333324
014430333354
014430333364
014430333374
014430333384
014430333394
014450555524
014450555534
014450555564
014450555574
014450555584
014450555594
014460666624
014460666634
014460666654
014460666674
014460666684
014460666694
014470777724
014470777734
014470777754
014470777764
014470777784
014470777794
014480888824
014480888834
014480888854
014480888864
014480888874
014480888894
014490999924
014490999934
014490999954
014490999964
014490999974
014490999984
015520222235
015520222245
015520222265
015520222275
015520222285
015520222295
015530333325
015530333345
015530333365
015530333375
015530333385
015530333395
015540444425
015540444435
015540444465
015540444475
015540444485
015540444495
015560666625
015560666635
015560666645
015560666675
015560666685
015560666695
015570777725
015570777735
015570777745
015570777765
015570777785
015570777795
015580888825
015580888835
015580888845
015580888865
015580888875
015580888895
015590999925
015590999935
015590999945
015590999965
015590999975
015590999985
016620222236
016620222246
016620222256
016620222276
016620222286
016620222296
016630333326
016630333346
016630333356
016630333376
016630333386
016630333396
016640444426
016640444436
016640444456
016640444476
016640444486
016640444496
016650555526
016650555536
016650555546
016650555576
016650555586
016650555596
016670777726
016670777736
016670777746
016670777756
016670777786
016670777796
016680888826
016680888836
016680888846
016680888856
016680888876
016680888896
016690999926
016690999936
016690999946
016690999956
016690999976
016690999986
017720222237
017720222247
017720222257
017720222267
017720222287
017720222297
017730333327
017730333347
017730333357
017730333367
017730333387
017730333397
017740444427
017740444437
017740444457
017740444467
017740444487
017740444497
017750555527
017750555537
017750555547
017750555567
017750555587
017750555597
017760666627
017760666637
017760666647
017760666657
017760666687
017760666697
017780888827
017780888837
017780888847
017780888857
017780888867
017780888897
017790999927
017790999937
017790999947
017790999957
017790999967
017790999987
018820222238
018820222248
018820222258
018820222268
018820222278
018820222298
018830333328
018830333348
018830333358
018830333368
018830333378
018830333398
018840444428
018840444438
018840444458
018840444468
018840444478
018840444498
018850555528
018850555538
018850555548
018850555568
018850555578
018850555598
018860666628
018860666638
018860666648
018860666658
018860666678
018860666698
018870777728
018870777738
018870777748
018870777758
018870777768
018870777798
018890999928
018890999938
018890999948
018890999958
018890999968
018890999978
019920222239
019920222249
019920222259
019920222269
019920222279
019920222289
019930333329
019930333349
019930333359
019930333369
019930333379
019930333389
019940444429
019940444439
019940444459
019940444469
019940444479
019940444489
019950555529
019950555539
019950555549
019950555569
019950555579
019950555589
019960666629
019960666639
019960666649
019960666659
019960666679
019960666689
019970777729
019970777739
019970777749
019970777759
019970777769
019970777789
019980888829
019980888839
019980888849
019980888859
019980888869
019980888879
021130333341
021130333351
021130333361
021130333371
021130333381
021130333391
021140444431
021140444451
021140444461
021140444471
021140444481
021140444491
021150555531
021150555541
021150555561
021150555571
021150555581
021150555591
021160666631
021160666641
021160666651
021160666671
021160666681
021160666691
021170777731
021170777741
021170777751
021170777761
021170777781
021170777791
021180888831
021180888841
021180888851
021180888861
021180888871
021180888891
021190999931
021190999941
021190999951
021190999961
021190999971
021190999981
023310111143
023310111153
023310111163
023310111173
023310111183
023310111193
023340444413
023340444453
023340444463
023340444473
023340444483
023340444493
023350555513
023350555543
023350555563
023350555573
023350555583
023350555593
023360666613
023360666643
023360666653
023360666673
023360666683
023360666693
023370777713
023370777743
023370777753
023370777763
023370777783
023370777793
023380888813
023380888843
023380888853
023380888863
023380888873
023380888893
023390999913
023390999943
023390999953
023390999963
023390999973
023390999983
024410111134
024410111154
024410111164
024410111174
024410111184
024410111194
024430333314
024430333354
024430333364
024430333374
024430333384
024430333394
024450555514
024450555534
024450555564
024450555574
024450555584
024450555594
024460666614
024460666634
024460666654
024460666674
024460666684
024460666694
024470777714
024470777734
024470777754
024470777764
024470777784
024470777794
024480888814
024480888834
024480888854
024480888864
024480888874
024480888894
024490999914
024490999934
024490999954
024490999964
024490999974
024490999984
025510111135
025510111145
025510111165
025510111175
025510111185
025510111195
025530333315
025530333345
025530333365
025530333375
025530333385
025530333395
025540444415
025540444435
025540444465
025540444475
025540444485
025540444495
025560666615
025560666635
025560666645
025560666675
025560666685
025560666695
025570777715
025570777735
025570777745
025570777765
025570777785
025570777795
025580888815
025580888835
025580888845
025580888865
025580888875
025580888895
025590999915
025590999935
025590999945
025590999965
025590999975
025590999985
026610111136
026610111146
026610111156
026610111176
026610111186
026610111196
026630333316
026630333346
026630333356
026630333376
026630333386
026630333396
026640444416
026640444436
026640444456
026640444476
026640444486
026640444496
026650555516
026650555536
026650555546
026650555576
026650555586
026650555596
026670777716
026670777736
026670777746
026670777756
026670777786
026670777796
026680888816
026680888836
026680888846
026680888856
026680888876
026680888896
026690999916
026690999936
026690999946
026690999956
026690999976
026690999986
027710111137
027710111147
027710111157
027710111167
027710111187
027710111197
027730333317
027730333347
027730333357
027730333367
027730333387
027730333397
027740444417
027740444437
027740444457
027740444467
027740444487
027740444497
027750555517
027750555537
027750555547
027750555567
027750555587
027750555597
027760666617
027760666637
027760666647
027760666657
027760666687
027760666697
027780888817
027780888837
027780888847
027780888857
027780888867
027780888897
027790999917
027790999937
027790999947
027790999957
027790999967
027790999987
028810111138
028810111148
028810111158
028810111168
028810111178
028810111198
028830333318
028830333348
028830333358
028830333368
028830333378
028830333398
028840444418
028840444438
028840444458
028840444468
028840444478
028840444498
028850555518
028850555538
028850555548
028850555568
028850555578
028850555598
028860666618
028860666638
028860666648
028860666658
028860666678
028860666698
028870777718
028870777738
028870777748
028870777758
028870777768
028870777798
028890999918
028890999938
028890999948
028890999958
028890999968
028890999978
029910111139
029910111149
029910111159
029910111169
029910111179
029910111189
029930333319
029930333349
029930333359
029930333369
029930333379
029930333389
029940444419
029940444439
029940444459
029940444469
029940444479
029940444489
029950555519
029950555539
029950555549
029950555569
029950555579
029950555589
029960666619
029960666639
029960666649
029960666659
029960666679
029960666689
029970777719
029970777739
029970777749
029970777759
029970777769
029970777789
029980888819
029980888839
029980888849
029980888859
029980888869
029980888879
031120222241
031120222251
031120222261
031120222271
031120222281
031120222291
031140444421
031140444451
031140444461
031140444471
031140444481
031140444491
031150555521
031150555541
031150555561
031150555571
031150555581
031150555591
031160666621
031160666641
031160666651
031160666671
031160666681
031160666691
031170777721
031170777741
031170777751
031170777761
031170777781
031170777791
031180888821
031180888841
031180888851
031180888861
031180888871
031180888891
031190999921
031190999941
031190999951
031190999961
031190999971
031190999981
032210111142
032210111152
032210111162
032210111172
032210111182
032210111192
032240444412
032240444452
032240444462
032240444472
032240444482
032240444492
032250555512
032250555542
032250555562
032250555572
032250555582
032250555592
032260666612
032260666642
032260666652
032260666672
032260666682
032260666692
032270777712
032270777742
032270777752
032270777762
032270777782
032270777792
032280888812
032280888842
032280888852
032280888862
032280888872
032280888892
032290999912
032290999942
032290999952
032290999962
032290999972
032290999982
034410111124
034410111154
034410111164
034410111174
034410111184
034410111194
034420222214
034420222254
034420222264
034420222274
034420222284
034420222294
034450555514
034450555524
034450555564
034450555574
034450555584
034450555594
034460666614
034460666624
034460666654
034460666674
034460666684
034460666694
034470777714
034470777724
034470777754
034470777764
034470777784
034470777794
034480888814
034480888824
034480888854
034480888864
034480888874
034480888894
034490999914
034490999924
034490999954
034490999964
034490999974
034490999984
035510111125
035510111145
035510111165
035510111175
035510111185
035510111195
035520222215
035520222245
035520222265
035520222275
035520222285
035520222295
035540444415
035540444425
035540444465
035540444475
035540444485
035540444495
035560666615
035560666625
035560666645
035560666675
035560666685
035560666695
035570777715
035570777725
035570777745
035570777765
035570777785
035570777795
035580888815
035580888825
035580888845
035580888865
035580888875
035580888895
035590999915
035590999925
035590999945
035590999965
035590999975
035590999985
036610111126
036610111146
036610111156
036610111176
036610111186
036610111196
036620222216
036620222246
036620222256
036620222276
036620222286
036620222296
036640444416
036640444426
036640444456
036640444476
036640444486
036640444496
036650555516
036650555526
036650555546
036650555576
036650555586
036650555596
036670777716
036670777726
036670777746
036670777756
036670777786
036670777796
036680888816
036680888826
036680888846
036680888856
036680888876
036680888896
036690999916
036690999926
036690999946
036690999956
036690999976
036690999986
037710111127
037710111147
037710111157
037710111167
037710111187
037710111197
037720222217
037720222247
037720222257
037720222267
037720222287
037720222297
037740444417
037740444427
037740444457
037740444467
037740444487
037740444497
037750555517
037750555527
037750555547
037750555567
037750555587
037750555597
037760666617
037760666627
037760666647
037760666657
037760666687
037760666697
037780888817
037780888827
037780888847
037780888857
037780888867
037780888897
037790999917
037790999927
037790999947
037790999957
037790999967
037790999987
038810111128
038810111148
038810111158
038810111168
038810111178
038810111198
038820222218
038820222248
038820222258
038820222268
038820222278
038820222298
038840444418
038840444428
038840444458
038840444468
038840444478
038840444498
038850555518
038850555528
038850555548
038850555568
038850555578
038850555598
038860666618
038860666628
038860666648
038860666658
038860666678
038860666698
038870777718
038870777728
038870777748
038870777758
038870777768
038870777798
038890999918
038890999928
038890999948
038890999958
038890999968
038890999978
039910111129
039910111149
039910111159
039910111169
039910111179
039910111189
039920222219
039920222249
039920222259
039920222269
039920222279
039920222289
039940444419
039940444429
039940444459
039940444469
039940444479
039940444489
039950555519
039950555529
039950555549
039950555569
039950555579
039950555589
039960666619
039960666629
039960666649
039960666659
039960666679
039960666689
039970777719
039970777729
039970777749
039970777759
039970777769
039970777789
039980888819
039980888829
039980888849
039980888859
039980888869
039980888879
041120222231
041120222251
041120222261
041120222271
041120222281
041120222291
041130333321
041130333351
041130333361
041130333371
041130333381
041130333391
041150555521
041150555531
041150555561
041150555571
041150555581
041150555591
041160666621
041160666631
041160666651
041160666671
041160666681
041160666691
041170777721
041170777731
041170777751
041170777761
041170777781
041170777791
041180888821
041180888831
041180888851
041180888861
041180888871
041180888891
041190999921
041190999931
041190999951
041190999961
041190999971
041190999981
042210111132
042210111152
042210111162
042210111172
042210111182
042210111192
042230333312
042230333352
042230333362
042230333372
042230333382
042230333392
042250555512
042250555532
042250555562
042250555572
042250555582
042250555592
042260666612
042260666632
042260666652
042260666672
042260666682
042260666692
042270777712
042270777732
042270777752
042270777762
042270777782
042270777792
042280888812
042280888832
042280888852
042280888862
042280888872
042280888892
042290999912
042290999932
042290999952
042290999962
042290999972
042290999982
043310111123
043310111153
043310111163
043310111173
043310111183
043310111193
043320222213
043320222253
043320222263
043320222273
043320222283
043320222293
043350555513
043350555523
043350555563
043350555573
043350555583
043350555593
043360666613
043360666623
043360666653
043360666673
043360666683
043360666693
043370777713
043370777723
043370777753
043370777763
043370777783
043370777793
043380888813
043380888823
043380888853
043380888863
043380888873
043380888893
043390999913
043390999923
043390999953
043390999963
043390999973
043390999983
045510111125
045510111135
045510111165
045510111175
045510111185
045510111195
045520222215
045520222235
045520222265
045520222275
045520222285
045520222295
045530333315
045530333325
045530333365
045530333375
045530333385
045530333395
045560666615
045560666625
045560666635
045560666675
045560666685
045560666695
045570777715
045570777725
045570777735
045570777765
045570777785
045570777795
045580888815
045580888825
045580888835
045580888865
045580888875
045580888895
045590999915
045590999925
045590999935
045590999965
045590999975
045590999985
046610111126
046610111136
046610111156
046610111176
046610111186
046610111196
046620222216
046620222236
046620222256
046620222276
046620222286
046620222296
046630333316
046630333326
046630333356
046630333376
046630333386
046630333396
046650555516
046650555526
046650555536
046650555576
046650555586
046650555596
046670777716
046670777726
046670777736
046670777756
046670777786
046670777796
046680888816
046680888826
046680888836
046680888856
046680888876
046680888896
046690999916
046690999926
046690999936
046690999956
046690999976
046690999986
047710111127
047710111137
047710111157
047710111167
047710111187
047710111197
047720222217
047720222237
047720222257
047720222267
047720222287
047720222297
047730333317
047730333327
047730333357
047730333367
047730333387
047730333397
047750555517
047750555527
047750555537
047750555567
047750555587
047750555597
047760666617
047760666627
047760666637
047760666657
047760666687
047760666697
047780888817
047780888827
047780888837
047780888857
047780888867
047780888897
047790999917
047790999927
047790999937
047790999957
047790999967
047790999987
048810111128
048810111138
048810111158
048810111168
048810111178
048810111198
048820222218
048820222238
048820222258
048820222268
048820222278
048820222298
048830333318
048830333328
048830333358
048830333368
048830333378
048830333398
048850555518
048850555528
048850555538
048850555568
048850555578
048850555598
048860666618
048860666628
048860666638
048860666658
048860666678
048860666698
048870777718
048870777728
048870777738
048870777758
048870777768
048870777798
048890999918
048890999928
048890999938
048890999958
048890999968
048890999978
049910111129
049910111139
049910111159
049910111169
049910111179
049910111189
049920222219
049920222239
049920222259
049920222269
049920222279
049920222289
049930333319
049930333329
049930333359
049930333369
049930333379
049930333389
049950555519
049950555529
049950555539
049950555569
049950555579
049950555589
049960666619
049960666629
049960666639
049960666659
049960666679
049960666689
049970777719
049970777729
049970777739
049970777759
049970777769
049970777789
049980888819
049980888829
049980888839
049980888859
049980888869
049980888879
051120222231
051120222241
051120222261
051120222271
051120222281
051120222291
051130333321
051130333341
051130333361
051130333371
051130333381
051130333391
051140444421
051140444431
051140444461
051140444471
051140444481
051140444491
051160666621
051160666631
051160666641
051160666671
051160666681
051160666691
051170777721
051170777731
051170777741
051170777761
051170777781
051170777791
051180888821
051180888831
051180888841
051180888861
051180888871
051180888891
051190999921
051190999931
051190999941
051190999961
051190999971
051190999981
052210111132
052210111142
052210111162
052210111172
052210111182
052210111192
052230333312
052230333342
052230333362
052230333372
052230333382
052230333392
052240444412
052240444432
052240444462
052240444472
052240444482
052240444492
052260666612
052260666632
052260666642
052260666672
052260666682
052260666692
052270777712
052270777732
052270777742
052270777762
052270777782
052270777792
052280888812
052280888832
052280888842
052280888862
052280888872
052280888892
052290999912
052290999932
052290999942
052290999962
052290999972
052290999982
053310111123
053310111143
053310111163
053310111173
053310111183
053310111193
053320222213
053320222243
053320222263
053320222273
053320222283
053320222293
053340444413
053340444423
053340444463
053340444473
053340444483
053340444493
053360666613
053360666623
053360666643
053360666673
053360666683
053360666693
053370777713
053370777723
053370777743
053370777763
053370777783
053370777793
053380888813
053380888823
053380888843
053380888863
053380888873
053380888893
053390999913
053390999923
053390999943
053390999963
053390999973
053390999983
054410111124
054410111134
054410111164
054410111174
054410111184
054410111194
054420222214
054420222234
054420222264
054420222274
054420222284
054420222294
054430333314
054430333324
054430333364
054430333374
054430333384
054430333394
054460666614
054460666624
054460666634
054460666674
054460666684
054460666694
054470777714
054470777724
054470777734
054470777764
054470777784
054470777794
054480888814
054480888824
054480888834
054480888864
054480888874
054480888894
054490999914
054490999924
054490999934
054490999964
054490999974
054490999984
056610111126
056610111136
056610111146
056610111176
056610111186
056610111196
056620222216
056620222236
056620222246
056620222276
056620222286
056620222296
056630333316
056630333326
056630333346
056630333376
056630333386
056630333396
056640444416
056640444426
056640444436
056640444476
056640444486
056640444496
056670777716
056670777726
056670777736
056670777746
056670777786
056670777796
056680888816
056680888826
056680888836
056680888846
056680888876
056680888896
056690999916
056690999926
056690999936
056690999946
056690999976
056690999986
057710111127
057710111137
057710111147
057710111167
057710111187
057710111197
057720222217
057720222237
057720222247
057720222267
057720222287
057720222297
057730333317
057730333327
057730333347
057730333367
057730333387
057730333397
057740444417
057740444427
057740444437
057740444467
057740444487
057740444497
057760666617
057760666627
057760666637
057760666647
057760666687
057760666697
057780888817
057780888827
057780888837
057780888847
057780888867
057780888897
057790999917
057790999927
057790999937
057790999947
057790999967
057790999987
058810111128
058810111138
058810111148
058810111168
058810111178
058810111198
058820222218
058820222238
058820222248
058820222268
058820222278
058820222298
058830333318
058830333328
058830333348
058830333368
058830333378
058830333398
058840444418
058840444428
058840444438
058840444468
058840444478
058840444498
058860666618
058860666628
058860666638
058860666648
058860666678
058860666698
058870777718
058870777728
058870777738
058870777748
058870777768
058870777798
058890999918
058890999928
058890999938
058890999948
058890999968
058890999978
059910111129
059910111139
059910111149
059910111169
059910111179
059910111189
059920222219
059920222239
059920222249
059920222269
059920222279
059920222289
059930333319
059930333329
059930333349
059930333369
059930333379
059930333389
059940444419
059940444429
059940444439
059940444469
059940444479
059940444489
059960666619
059960666629
059960666639
059960666649
059960666679
059960666689
059970777719
059970777729
059970777739
059970777749
059970777769
059970777789
059980888819
059980888829
059980888839
059980888849
059980888869
059980888879
061120222231
061120222241
061120222251
061120222271
061120222281
061120222291
061130333321
061130333341
061130333351
061130333371
061130333381
061130333391
061140444421
061140444431
061140444451
061140444471
061140444481
061140444491
061150555521
061150555531
061150555541
061150555571
061150555581
061150555591
061170777721
061170777731
061170777741
061170777751
061170777781
061170777791
061180888821
061180888831
061180888841
061180888851
061180888871
061180888891
061190999921
061190999931
061190999941
061190999951
061190999971
061190999981
062210111132
062210111142
062210111152
062210111172
062210111182
062210111192
062230333312
062230333342
062230333352
062230333372
062230333382
062230333392
062240444412
062240444432
062240444452
062240444472
062240444482
062240444492
062250555512
062250555532
062250555542
062250555572
062250555582
062250555592
062270777712
062270777732
062270777742
062270777752
062270777782
062270777792
062280888812
062280888832
062280888842
062280888852
062280888872
062280888892
062290999912
062290999932
062290999942
062290999952
062290999972
062290999982
063310111123
063310111143
063310111153
063310111173
063310111183
063310111193
063320222213
063320222243
063320222253
063320222273
063320222283
063320222293
063340444413
063340444423
063340444453
063340444473
063340444483
063340444493
063350555513
063350555523
063350555543
063350555573
063350555583
063350555593
063370777713
063370777723
063370777743
063370777753
063370777783
063370777793
063380888813
063380888823
063380888843
063380888853
063380888873
063380888893
063390999913
063390999923
063390999943
063390999953
063390999973
063390999983
064410111124
064410111134
064410111154
064410111174
064410111184
064410111194
064420222214
064420222234
064420222254
064420222274
064420222284
064420222294
064430333314
064430333324
064430333354
064430333374
064430333384
064430333394
064450555514
064450555524
064450555534
064450555574
064450555584
064450555594
064470777714
064470777724
064470777734
064470777754
064470777784
064470777794
064480888814
064480888824
064480888834
064480888854
064480888874
064480888894
064490999914
064490999924
064490999934
064490999954
064490999974
064490999984
065510111125
065510111135
065510111145
065510111175
065510111185
065510111195
065520222215
065520222235
065520222245
065520222275
065520222285
065520222295
065530333315
065530333325
065530333345
065530333375
065530333385
065530333395
065540444415
065540444425
065540444435
065540444475
065540444485
065540444495
065570777715
065570777725
065570777735
065570777745
065570777785
065570777795
065580888815
065580888825
065580888835
065580888845
065580888875
065580888895
065590999915
065590999925
065590999935
065590999945
065590999975
065590999985
067710111127
067710111137
067710111147
067710111157
067710111187
067710111197
067720222217
067720222237
067720222247
067720222257
067720222287
067720222297
067730333317
067730333327
067730333347
067730333357
067730333387
067730333397
067740444417
067740444427
067740444437
067740444457
067740444487
067740444497
067750555517
067750555527
067750555537
067750555547
067750555587
067750555597
067780888817
067780888827
067780888837
067780888847
067780888857
067780888897
067790999917
067790999927
067790999937
067790999947
067790999957
067790999987
068810111128
068810111138
068810111148
068810111158
068810111178
068810111198
068820222218
068820222238
068820222248
068820222258
068820222278
068820222298
068830333318
068830333328
068830333348
068830333358
068830333378
068830333398
068840444418
068840444428
068840444438
068840444458
068840444478
068840444498
068850555518
068850555528
068850555538
068850555548
068850555578
068850555598
068870777718
068870777728
068870777738
068870777748
068870777758
068870777798
068890999918
068890999928
068890999938
068890999948
068890999958
068890999978
069910111129
069910111139
069910111149
069910111159
069910111179
069910111189
069920222219
069920222239
069920222249
069920222259
069920222279
069920222289
069930333319
069930333329
069930333349
069930333359
069930333379
069930333389
069940444419
069940444429
069940444439
069940444459
069940444479
069940444489
069950555519
069950555529
069950555539
069950555549
069950555579
069950555589
069970777719
069970777729
069970777739
069970777749
069970777759
069970777789
069980888819
069980888829
069980888839
069980888849
069980888859
069980888879
071120222231
071120222241
071120222251
071120222261
071120222281
071120222291
071130333321
071130333341
071130333351
071130333361
071130333381
071130333391
071140444421
071140444431
071140444451
071140444461
071140444481
071140444491
071150555521
071150555531
071150555541
071150555561
071150555581
071150555591
071160666621
071160666631
071160666641
071160666651
071160666681
071160666691
071180888821
071180888831
071180888841
071180888851
071180888861
071180888891
071190999921
071190999931
071190999941
071190999951
071190999961
071190999981
072210111132
072210111142
072210111152
072210111162
072210111182
072210111192
072230333312
072230333342
072230333352
072230333362
072230333382
072230333392
072240444412
072240444432
072240444452
072240444462
072240444482
072240444492
072250555512
072250555532
072250555542
072250555562
072250555582
072250555592
072260666612
072260666632
072260666642
072260666652
072260666682
072260666692
072280888812
072280888832
072280888842
072280888852
072280888862
072280888892
072290999912
072290999932
072290999942
072290999952
072290999962
072290999982
073310111123
073310111143
073310111153
073310111163
073310111183
073310111193
073320222213
073320222243
073320222253
073320222263
073320222283
073320222293
073340444413
073340444423
073340444453
073340444463
073340444483
073340444493
073350555513
073350555523
073350555543
073350555563
073350555583
073350555593
073360666613
073360666623
073360666643
073360666653
073360666683
073360666693
073380888813
073380888823
073380888843
073380888853
073380888863
073380888893
073390999913
073390999923
073390999943
073390999953
073390999963
073390999983
074410111124
074410111134
074410111154
074410111164
074410111184
074410111194
074420222214
074420222234
074420222254
074420222264
074420222284
074420222294
074430333314
074430333324
074430333354
074430333364
074430333384
074430333394
074450555514
074450555524
074450555534
074450555564
074450555584
074450555594
074460666614
074460666624
074460666634
074460666654
074460666684
074460666694
074480888814
074480888824
074480888834
074480888854
074480888864
074480888894
074490999914
074490999924
074490999934
074490999954
074490999964
074490999984
075510111125
075510111135
075510111145
075510111165
075510111185
075510111195
075520222215
075520222235
075520222245
075520222265
075520222285
075520222295
075530333315
075530333325
075530333345
075530333365
075530333385
075530333395
075540444415
075540444425
075540444435
075540444465
075540444485
075540444495
075560666615
075560666625
075560666635
075560666645
075560666685
075560666695
075580888815
075580888825
075580888835
075580888845
075580888865
075580888895
075590999915
075590999925
075590999935
075590999945
075590999965
075590999985
076610111126
076610111136
076610111146
076610111156
076610111186
076610111196
076620222216
076620222236
076620222246
076620222256
076620222286
076620222296
076630333316
076630333326
076630333346
076630333356
076630333386
076630333396
076640444416
076640444426
076640444436
076640444456
076640444486
076640444496
076650555516
076650555526
076650555536
076650555546
076650555586
076650555596
076680888816
076680888826
076680888836
076680888846
076680888856
076680888896
076690999916
076690999926
076690999936
076690999946
076690999956
076690999986
078810111128
078810111138
078810111148
078810111158
078810111168
078810111198
078820222218
078820222238
078820222248
078820222258
078820222268
078820222298
078830333318
078830333328
078830333348
078830333358
078830333368
078830333398
078840444418
078840444428
078840444438
078840444458
078840444468
078840444498
078850555518
078850555528
078850555538
078850555548
078850555568
078850555598
078860666618
078860666628
078860666638
078860666648
078860666658
078860666698
078890999918
078890999928
078890999938
078890999948
078890999958
078890999968
079910111129
079910111139
079910111149
079910111159
079910111169
079910111189
079920222219
079920222239
079920222249
079920222259
079920222269
079920222289
079930333319
079930333329
079930333349
079930333359
079930333369
079930333389
079940444419
079940444429
079940444439
079940444459
079940444469
079940444489
079950555519
079950555529
079950555539
079950555549
079950555569
079950555589
079960666619
079960666629
079960666639
079960666649
079960666659
079960666689
079980888819
079980888829
079980888839
079980888849
079980888859
079980888869
081120222231
081120222241
081120222251
081120222261
081120222271
081120222291
081130333321
081130333341
081130333351
081130333361
081130333371
081130333391
081140444421
081140444431
081140444451
081140444461
081140444471
081140444491
081150555521
081150555531
081150555541
081150555561
081150555571
081150555591
081160666621
081160666631
081160666641
081160666651
081160666671
081160666691
081170777721
081170777731
081170777741
081170777751
081170777761
081170777791
081190999921
081190999931
081190999941
081190999951
081190999961
081190999971
082210111132
082210111142
082210111152
082210111162
082210111172
082210111192
082230333312
082230333342
082230333352
082230333362
082230333372
082230333392
082240444412
082240444432
082240444452
082240444462
082240444472
082240444492
082250555512
082250555532
082250555542
082250555562
082250555572
082250555592
082260666612
082260666632
082260666642
082260666652
082260666672
082260666692
082270777712
082270777732
082270777742
082270777752
082270777762
082270777792
082290999912
082290999932
082290999942
082290999952
082290999962
082290999972
083310111123
083310111143
083310111153
083310111163
083310111173
083310111193
083320222213
083320222243
083320222253
083320222263
083320222273
083320222293
083340444413
083340444423
083340444453
083340444463
083340444473
083340444493
083350555513
083350555523
083350555543
083350555563
083350555573
083350555593
083360666613
083360666623
083360666643
083360666653
083360666673
083360666693
083370777713
083370777723
083370777743
083370777753
083370777763
083370777793
083390999913
083390999923
083390999943
083390999953
083390999963
083390999973
084410111124
084410111134
084410111154
084410111164
084410111174
084410111194
084420222214
084420222234
084420222254
084420222264
084420222274
084420222294
084430333314
084430333324
084430333354
084430333364
084430333374
084430333394
084450555514
084450555524
084450555534
084450555564
084450555574
084450555594
084460666614
084460666624
084460666634
084460666654
084460666674
084460666694
084470777714
084470777724
084470777734
084470777754
084470777764
084470777794
084490999914
084490999924
084490999934
084490999954
084490999964
084490999974
085510111125
085510111135
085510111145
085510111165
085510111175
085510111195
085520222215
085520222235
085520222245
085520222265
085520222275
085520222295
085530333315
085530333325
085530333345
085530333365
085530333375
085530333395
085540444415
085540444425
085540444435
085540444465
085540444475
085540444495
085560666615
085560666625
085560666635
085560666645
085560666675
085560666695
085570777715
085570777725
085570777735
085570777745
085570777765
085570777795
085590999915
085590999925
085590999935
085590999945
085590999965
085590999975
086610111126
086610111136
086610111146
086610111156
086610111176
086610111196
086620222216
086620222236
086620222246
086620222256
086620222276
086620222296
086630333316
086630333326
086630333346
086630333356
086630333376
086630333396
086640444416
086640444426
086640444436
086640444456
086640444476
086640444496
086650555516
086650555526
086650555536
086650555546
086650555576
086650555596
086670777716
086670777726
086670777736
086670777746
086670777756
086670777796
086690999916
086690999926
086690999936
086690999946
086690999956
086690999976
087710111127
087710111137
087710111147
087710111157
087710111167
087710111197
087720222217
087720222237
087720222247
087720222257
087720222267
087720222297
087730333317
087730333327
087730333347
087730333357
087730333367
087730333397
087740444417
087740444427
087740444437
087740444457
087740444467
087740444497
087750555517
087750555527
087750555537
087750555547
087750555567
087750555597
087760666617
087760666627
087760666637
087760666647
087760666657
087760666697
087790999917
087790999927
087790999937
087790999947
087790999957
087790999967
089910111129
089910111139
089910111149
089910111159
089910111169
089910111179
089920222219
089920222239
089920222249
089920222259
089920222269
089920222279
089930333319
089930333329
089930333349
089930333359
089930333369
089930333379
089940444419
089940444429
089940444439
089940444459
089940444469
089940444479
089950555519
089950555529
089950555539
089950555549
089950555569
089950555579
089960666619
089960666629
089960666639
089960666649
089960666659
089960666679
089970777719
089970777729
089970777739
089970777749
089970777759
089970777769
091120222231
091120222241
091120222251
091120222261
091120222271
091120222281
091130333321
091130333341
091130333351
091130333361
091130333371
091130333381
091140444421
091140444431
091140444451
091140444461
091140444471
091140444481
091150555521
091150555531
091150555541
091150555561
091150555571
091150555581
091160666621
091160666631
091160666641
091160666651
091160666671
091160666681
091170777721
091170777731
091170777741
091170777751
091170777761
091170777781
091180888821
091180888831
091180888841
091180888851
091180888861
091180888871
092210111132
092210111142
092210111152
092210111162
092210111172
092210111182
092230333312
092230333342
092230333352
092230333362
092230333372
092230333382
092240444412
092240444432
092240444452
092240444462
092240444472
092240444482
092250555512
092250555532
092250555542
092250555562
092250555572
092250555582
092260666612
092260666632
092260666642
092260666652
092260666672
092260666682
092270777712
092270777732
092270777742
092270777752
092270777762
092270777782
092280888812
092280888832
092280888842
092280888852
092280888862
092280888872
093310111123
093310111143
093310111153
093310111163
093310111173
093310111183
093320222213
093320222243
093320222253
093320222263
093320222273
093320222283
093340444413
093340444423
093340444453
093340444463
093340444473
093340444483
093350555513
093350555523
093350555543
093350555563
093350555573
093350555583
093360666613
093360666623
093360666643
093360666653
093360666673
093360666683
093370777713
093370777723
093370777743
093370777753
093370777763
093370777783
093380888813
093380888823
093380888843
093380888853
093380888863
093380888873
094410111124
094410111134
094410111154
094410111164
094410111174
094410111184
094420222214
094420222234
094420222254
094420222264
094420222274
094420222284
094430333314
094430333324
094430333354
094430333364
094430333374
094430333384
094450555514
094450555524
094450555534
094450555564
094450555574
094450555584
094460666614
094460666624
094460666634
094460666654
094460666674
094460666684
094470777714
094470777724
094470777734
094470777754
094470777764
094470777784
094480888814
094480888824
094480888834
094480888854
094480888864
094480888874
095510111125
095510111135
095510111145
095510111165
095510111175
095510111185
095520222215
095520222235
095520222245
095520222265
095520222275
095520222285
095530333315
095530333325
095530333345
095530333365
095530333375
095530333385
095540444415
095540444425
095540444435
095540444465
095540444475
095540444485
095560666615
095560666625
095560666635
095560666645
095560666675
095560666685
095570777715
095570777725
095570777735
095570777745
095570777765
095570777785
095580888815
095580888825
095580888835
095580888845
095580888865
095580888875
096610111126
096610111136
096610111146
096610111156
096610111176
096610111186
096620222216
096620222236
096620222246
096620222256
096620222276
096620222286
096630333316
096630333326
096630333346
096630333356
096630333376
096630333386
096640444416
096640444426
096640444436
096640444456
096640444476
096640444486
096650555516
096650555526
096650555536
096650555546
096650555576
096650555586
096670777716
096670777726
096670777736
096670777746
096670777756
096670777786
096680888816
096680888826
096680888836
096680888846
096680888856
096680888876
097710111127
097710111137
097710111147
097710111157
097710111167
097710111187
097720222217
097720222237
097720222247
097720222257
097720222267
097720222287
097730333317
097730333327
097730333347
097730333357
097730333367
097730333387
097740444417
097740444427
097740444437
097740444457
097740444467
097740444487
097750555517
097750555527
097750555537
097750555547
097750555567
097750555587
097760666617
097760666627
097760666637
097760666647
097760666657
097760666687
097780888817
097780888827
097780888837
097780888847
097780888857
097780888867
098810111128
098810111138
098810111148
098810111158
098810111168
098810111178
098820222218
098820222238
098820222248
098820222258
098820222268
098820222278
098830333318
098830333328
098830333348
098830333358
098830333368
098830333378
098840444418
098840444428
098840444438
098840444458
098840444468
098840444478
098850555518
098850555528
098850555538
098850555548
098850555568
098850555578
098860666618
098860666628
098860666638
098860666648
098860666658
098860666678
098870777718
098870777728
098870777738
098870777748
098870777758
098870777768
102231333342
102231333352
102231333362
102231333372
102231333382
102231333392
102241444432
102241444452
102241444462
102241444472
102241444482
102241444492
102251555532
102251555542
102251555562
102251555572
102251555582
102251555592
102261666632
102261666642
102261666652
102261666672
102261666682
102261666692
102271777732
102271777742
102271777752
102271777762
102271777782
102271777792
102281888832
102281888842
102281888852
102281888862
102281888872
102281888892
102291999932
102291999942
102291999952
102291999962
102291999972
102291999982
103321222243
103321222253
103321222263
103321222273
103321222283
103321222293
103341444423
103341444453
103341444463
103341444473
103341444483
103341444493
103351555523
103351555543
103351555563
103351555573
103351555583
103351555593
103361666623
103361666643
103361666653
103361666673
103361666683
103361666693
103371777723
103371777743
103371777753
103371777763
103371777783
103371777793
103381888823
103381888843
103381888853
103381888863
103381888873
103381888893
103391999923
103391999943
103391999953
103391999963
103391999973
103391999983
104421222234
104421222254
104421222264
104421222274
104421222284
104421222294
104431333324
104431333354
104431333364
104431333374
104431333384
104431333394
104451555524
104451555534
104451555564
104451555574
104451555584
104451555594
104461666624
104461666634
104461666654
104461666674
104461666684
104461666694
104471777724
104471777734
104471777754
104471777764
104471777784
104471777794
104481888824
104481888834
104481888854
104481888864
104481888874
104481888894
104491999924
104491999934
104491999954
104491999964
104491999974
104491999984
105521222235
105521222245
105521222265
105521222275
105521222285
105521222295
105531333325
105531333345
105531333365
105531333375
105531333385
105531333395
105541444425
105541444435
105541444465
105541444475
105541444485
105541444495
105561666625
105561666635
105561666645
105561666675
105561666685
105561666695
105571777725
105571777735
105571777745
105571777765
105571777785
105571777795
105581888825
105581888835
105581888845
105581888865
105581888875
105581888895
105591999925
105591999935
105591999945
105591999965
105591999975
105591999985
106621222236
106621222246
106621222256
106621222276
106621222286
106621222296
106631333326
106631333346
106631333356
106631333376
106631333386
106631333396
106641444426
106641444436
106641444456
106641444476
106641444486
106641444496
106651555526
106651555536
106651555546
106651555576
106651555586
106651555596
106671777726
106671777736
106671777746
106671777756
106671777786
106671777796
106681888826
106681888836
106681888846
106681888856
106681888876
106681888896
106691999926
106691999936
106691999946
106691999956
106691999976
106691999986
107721222237
107721222247
107721222257
107721222267
107721222287
107721222297
107731333327
107731333347
107731333357
107731333367
107731333387
107731333397
107741444427
107741444437
107741444457
107741444467
107741444487
107741444497
107751555527
107751555537
107751555547
107751555567
107751555587
107751555597
107761666627
107761666637
107761666647
107761666657
107761666687
107761666697
107781888827
107781888837
107781888847
107781888857
107781888867
107781888897
107791999927
107791999937
107791999947
107791999957
107791999967
107791999987
108821222238
108821222248
108821222258
108821222268
108821222278
108821222298
108831333328
108831333348
108831333358
108831333368
108831333378
108831333398
108841444428
108841444438
108841444458
108841444468
108841444478
108841444498
108851555528
108851555538
108851555548
108851555568
108851555578
108851555598
108861666628
108861666638
108861666648
108861666658
108861666678
108861666698
108871777728
108871777738
108871777748
108871777758
108871777768
108871777798
108891999928
108891999938
108891999948
108891999958
108891999968
108891999978
109921222239
109921222249
109921222259
109921222269
109921222279
109921222289
109931333329
109931333349
109931333359
109931333369
109931333379
109931333389
109941444429
109941444439
109941444459
109941444469
109941444479
109941444489
109951555529
109951555539
109951555549
109951555569
109951555579
109951555589
109961666629
109961666639
109961666649
109961666659
109961666679
109961666689
109971777729
109971777739
109971777749
109971777759
109971777769
109971777789
109981888829
109981888839
109981888849
109981888859
109981888869
109981888879
120031333340
120031333350
120031333360
120031333370
120031333380
120031333390
120041444430
120041444450
120041444460
120041444470
120041444480
120041444490
120051555530
120051555540
120051555560
120051555570
120051555580
120051555590
120061666630
120061666640
120061666650
120061666670
120061666680
120061666690
120071777730
120071777740
120071777750
120071777760
120071777780
120071777790
120081888830
120081888840
120081888850
120081888860
120081888870
120081888890
120091999930
120091999940
120091999950
120091999960
120091999970
120091999980
123301000043
123301000053
123301000063
123301000073
123301000083
123301000093
123341444403
123341444453
123341444463
123341444473
123341444483
123341444493
123351555503
123351555543
123351555563
123351555573
123351555583
123351555593
123361666603
123361666643
123361666653
123361666673
123361666683
123361666693
123371777703
123371777743
123371777753
123371777763
123371777783
123371777793
123381888803
123381888843
123381888853
123381888863
123381888873
123381888893
123391999903
123391999943
123391999953
123391999963
123391999973
123391999983
124401000034
124401000054
124401000064
124401000074
124401000084
124401000094
124431333304
124431333354
124431333364
124431333374
124431333384
124431333394
124451555504
124451555534
124451555564
124451555574
124451555584
124451555594
124461666604
124461666634
124461666654
124461666674
124461666684
124461666694
124471777704
124471777734
124471777754
124471777764
124471777784
124471777794
124481888804
124481888834
124481888854
124481888864
124481888874
124481888894
124491999904
124491999934
124491999954
124491999964
124491999974
124491999984
125501000035
125501000045
125501000065
125501000075
125501000085
125501000095
125531333305
125531333345
125531333365
125531333375
125531333385
125531333395
125541444405
125541444435
125541444465
125541444475
125541444485
125541444495
125561666605
125561666635
125561666645
125561666675
125561666685
125561666695
125571777705
125571777735
125571777745
125571777765
125571777785
125571777795
125581888805
125581888835
125581888845
125581888865
125581888875
125581888895
125591999905
125591999935
125591999945
125591999965
125591999975
125591999985
126601000036
126601000046
126601000056
126601000076
126601000086
126601000096
126631333306
126631333346
126631333356
126631333376
126631333386
126631333396
126641444406
126641444436
126641444456
126641444476
126641444486
126641444496
126651555506
126651555536
126651555546
126651555576
126651555586
126651555596
126671777706
126671777736
126671777746
126671777756
126671777786
126671777796
126681888806
126681888836
126681888846
126681888856
126681888876
126681888896
126691999906
126691999936
126691999946
126691999956
126691999976
126691999986
127701000037
127701000047
127701000057
127701000067
127701000087
127701000097
127731333307
127731333347
127731333357
127731333367
127731333387
127731333397
127741444407
127741444437
127741444457
127741444467
127741444487
127741444497
127751555507
127751555537
127751555547
127751555567
127751555587
127751555597
127761666607
127761666637
127761666647
127761666657
127761666687
127761666697
127781888807
127781888837
127781888847
127781888857
127781888867
127781888897
127791999907
127791999937
127791999947
127791999957
127791999967
127791999987
128801000038
128801000048
128801000058
128801000068
128801000078
128801000098
128831333308
128831333348
128831333358
128831333368
128831333378
128831333398
128841444408
128841444438
128841444458
128841444468
128841444478
128841444498
128851555508
128851555538
128851555548
128851555568
128851555578
128851555598
128861666608
128861666638
128861666648
128861666658
128861666678
128861666698
128871777708
128871777738
128871777748
128871777758
128871777768
128871777798
128891999908
128891999938
128891999948
128891999958
128891999968
128891999978
129901000039
129901000049
129901000059
129901000069
129901000079
129901000089
129931333309
129931333349
129931333359
129931333369
129931333379
129931333389
129941444409
129941444439
129941444459
129941444469
129941444479
129941444489
129951555509
129951555539
129951555549
129951555569
129951555579
129951555589
129961666609
129961666639
129961666649
129961666659
129961666679
129961666689
129971777709
129971777739
129971777749
129971777759
129971777769
129971777789
129981888809
129981888839
129981888849
129981888859
129981888869
129981888879
130021222240
130021222250
130021222260
130021222270
130021222280
130021222290
130041444420
130041444450
130041444460
130041444470
130041444480
130041444490
130051555520
130051555540
130051555560
130051555570
130051555580
130051555590
130061666620
130061666640
130061666650
130061666670
130061666680
130061666690
130071777720
130071777740
130071777750
130071777760
130071777780
130071777790
130081888820
130081888840
130081888850
130081888860
130081888870
130081888890
130091999920
130091999940
130091999950
130091999960
130091999970
130091999980
132201000042
132201000052
132201000062
132201000072
132201000082
132201000092
132241444402
132241444452
132241444462
132241444472
132241444482
132241444492
132251555502
132251555542
132251555562
132251555572
132251555582
132251555592
132261666602
132261666642
132261666652
132261666672
132261666682
132261666692
132271777702
132271777742
132271777752
132271777762
132271777782
132271777792
132281888802
132281888842
132281888852
132281888862
132281888872
132281888892
132291999902
132291999942
132291999952
132291999962
132291999972
132291999982
134401000024
134401000054
134401000064
134401000074
134401000084
134401000094
134421222204
134421222254
134421222264
134421222274
134421222284
134421222294
134451555504
134451555524
134451555564
134451555574
134451555584
134451555594
134461666604
134461666624
134461666654
134461666674
134461666684
134461666694
134471777704
134471777724
134471777754
134471777764
134471777784
134471777794
134481888804
134481888824
134481888854
134481888864
134481888874
134481888894
134491999904
134491999924
134491999954
134491999964
134491999974
134491999984
135501000025
135501000045
135501000065
135501000075
135501000085
135501000095
135521222205
135521222245
135521222265
135521222275
135521222285
135521222295
135541444405
135541444425
135541444465
135541444475
135541444485
135541444495
135561666605
135561666625
135561666645
135561666675
135561666685
135561666695
135571777705
135571777725
135571777745
135571777765
135571777785
135571777795
135581888805
135581888825
135581888845
135581888865
135581888875
135581888895
135591999905
135591999925
135591999945
135591999965
135591999975
135591999985
136601000026
136601000046
136601000056
136601000076
136601000086
136601000096
136621222206
136621222246
136621222256
136621222276
136621222286
136621222296
136641444406
136641444426
136641444456
136641444476
136641444486
136641444496
136651555506
136651555526
136651555546
136651555576
136651555586
136651555596
136671777706
136671777726
136671777746
136671777756
136671777786
136671777796
136681888806
136681888826
136681888846
136681888856
136681888876
136681888896
136691999906
136691999926
136691999946
136691999956
136691999976
136691999986
137701000027
137701000047
137701000057
137701000067
137701000087
137701000097
137721222207
137721222247
137721222257
137721222267
137721222287
137721222297
137741444407
137741444427
137741444457
137741444467
137741444487
137741444497
137751555507
137751555527
137751555547
137751555567
137751555587
137751555597
137761666607
137761666627
137761666647
137761666657
137761666687
137761666697
137781888807
137781888827
137781888847
137781888857
137781888867
137781888897
137791999907
137791999927
137791999947
137791999957
137791999967
137791999987
138801000028
138801000048
138801000058
138801000068
138801000078
138801000098
138821222208
138821222248
138821222258
138821222268
138821222278
138821222298
138841444408
138841444428
138841444458
138841444468
138841444478
138841444498
138851555508
138851555528
138851555548
138851555568
138851555578
138851555598
138861666608
138861666628
138861666648
138861666658
138861666678
138861666698
138871777708
138871777728
138871777748
138871777758
138871777768
138871777798
138891999908
138891999928
138891999948
138891999958
138891999968
138891999978
139901000029
139901000049
139901000059
139901000069
139901000079
139901000089
139921222209
139921222249
139921222259
139921222269
139921222279
139921222289
139941444409
139941444429
139941444459
139941444469
139941444479
139941444489
139951555509
139951555529
139951555549
139951555569
139951555579
139951555589
139961666609
139961666629
139961666649
139961666659
139961666679
139961666689
139971777709
139971777729
139971777749
139971777759
139971777769
139971777789
139981888809
139981888829
139981888849
139981888859
139981888869
139981888879
140021222230
140021222250
140021222260
140021222270
140021222280
140021222290
140031333320
140031333350
140031333360
140031333370
140031333380
140031333390
140051555520
140051555530
140051555560
140051555570
140051555580
140051555590
140061666620
140061666630
140061666650
140061666670
140061666680
140061666690
140071777720
140071777730
140071777750
140071777760
140071777780
140071777790
140081888820
140081888830
140081888850
140081888860
140081888870
140081888890
140091999920
140091999930
140091999950
140091999960
140091999970
140091999980
142201000032
142201000052
142201000062
142201000072
142201000082
142201000092
142231333302
142231333352
142231333362
142231333372
142231333382
142231333392
142251555502
142251555532
142251555562
142251555572
142251555582
142251555592
142261666602
142261666632
142261666652
142261666672
142261666682
142261666692
142271777702
142271777732
142271777752
142271777762
142271777782
142271777792
142281888802
142281888832
142281888852
142281888862
142281888872
142281888892
142291999902
142291999932
142291999952
142291999962
142291999972
142291999982
143301000023
143301000053
143301000063
143301000073
143301000083
143301000093
143321222203
143321222253
143321222263
143321222273
143321222283
143321222293
143351555503
143351555523
143351555563
143351555573
143351555583
143351555593
143361666603
143361666623
143361666653
143361666673
143361666683
143361666693
143371777703
143371777723
143371777753
143371777763
143371777783
143371777793
143381888803
143381888823
143381888853
143381888863
143381888873
143381888893
143391999903
143391999923
143391999953
143391999963
143391999973
143391999983
145501000025
145501000035
145501000065
145501000075
145501000085
145501000095
145521222205
145521222235
145521222265
145521222275
145521222285
145521222295
145531333305
145531333325
145531333365
145531333375
145531333385
145531333395
145561666605
145561666625
145561666635
145561666675
145561666685
145561666695
145571777705
145571777725
145571777735
145571777765
145571777785
145571777795
145581888805
145581888825
145581888835
145581888865
145581888875
145581888895
145591999905
145591999925
145591999935
145591999965
145591999975
145591999985
146601000026
146601000036
146601000056
146601000076
146601000086
146601000096
146621222206
146621222236
146621222256
146621222276
146621222286
146621222296
146631333306
146631333326
146631333356
146631333376
146631333386
146631333396
146651555506
146651555526
146651555536
146651555576
146651555586
146651555596
146671777706
146671777726
146671777736
146671777756
146671777786
146671777796
146681888806
146681888826
146681888836
146681888856
146681888876
146681888896
146691999906
146691999926
146691999936
146691999956
146691999976
146691999986
147701000027
147701000037
147701000057
147701000067
147701000087
147701000097
147721222207
147721222237
147721222257
147721222267
147721222287
147721222297
147731333307
147731333327
147731333357
147731333367
147731333387
147731333397
147751555507
147751555527
147751555537
147751555567
147751555587
147751555597
147761666607
147761666627
147761666637
147761666657
147761666687
147761666697
147781888807
147781888827
147781888837
147781888857
147781888867
147781888897
147791999907
147791999927
147791999937
147791999957
147791999967
147791999987
148801000028
148801000038
148801000058
148801000068
148801000078
148801000098
148821222208
148821222238
148821222258
148821222268
148821222278
148821222298
148831333308
148831333328
148831333358
148831333368
148831333378
148831333398
148851555508
148851555528
148851555538
148851555568
148851555578
148851555598
148861666608
148861666628
148861666638
148861666658
148861666678
148861666698
148871777708
148871777728
148871777738
148871777758
148871777768
148871777798
148891999908
148891999928
148891999938
148891999958
148891999968
148891999978
149901000029
149901000039
149901000059
149901000069
149901000079
149901000089
149921222209
149921222239
149921222259
149921222269
149921222279
149921222289
149931333309
149931333329
149931333359
149931333369
149931333379
149931333389
149951555509
149951555529
149951555539
149951555569
149951555579
149951555589
149961666609
149961666629
149961666639
149961666659
149961666679
149961666689
149971777709
149971777729
149971777739
149971777759
149971777769
149971777789
149981888809
149981888829
149981888839
149981888859
149981888869
149981888879
150021222230
150021222240
150021222260
150021222270
150021222280
150021222290
150031333320
150031333340
150031333360
150031333370
150031333380
150031333390
150041444420
150041444430
150041444460
150041444470
150041444480
150041444490
150061666620
150061666630
150061666640
150061666670
150061666680
150061666690
150071777720
150071777730
150071777740
150071777760
150071777780
150071777790
150081888820
150081888830
150081888840
150081888860
150081888870
150081888890
150091999920
150091999930
150091999940
150091999960
150091999970
150091999980
152201000032
152201000042
152201000062
152201000072
152201000082
152201000092
152231333302
152231333342
152231333362
152231333372
152231333382
152231333392
152241444402
152241444432
152241444462
152241444472
152241444482
152241444492
152261666602
152261666632
152261666642
152261666672
152261666682
152261666692
152271777702
152271777732
152271777742
152271777762
152271777782
152271777792
152281888802
152281888832
152281888842
152281888862
152281888872
152281888892
152291999902
152291999932
152291999942
152291999962
152291999972
152291999982
153301000023
153301000043
153301000063
153301000073
153301000083
153301000093
153321222203
153321222243
153321222263
153321222273
153321222283
153321222293
153341444403
153341444423
153341444463
153341444473
153341444483
153341444493
153361666603
153361666623
153361666643
153361666673
153361666683
153361666693
153371777703
153371777723
153371777743
153371777763
153371777783
153371777793
153381888803
153381888823
153381888843
153381888863
153381888873
153381888893
153391999903
153391999923
153391999943
153391999963
153391999973
153391999983
154401000024
154401000034
154401000064
154401000074
154401000084
154401000094
154421222204
154421222234
154421222264
154421222274
154421222284
154421222294
154431333304
154431333324
154431333364
154431333374
154431333384
154431333394
154461666604
154461666624
154461666634
154461666674
154461666684
154461666694
154471777704
154471777724
154471777734
154471777764
154471777784
154471777794
154481888804
154481888824
154481888834
154481888864
154481888874
154481888894
154491999904
154491999924
154491999934
154491999964
154491999974
154491999984
156601000026
156601000036
156601000046
156601000076
156601000086
156601000096
156621222206
156621222236
156621222246
156621222276
156621222286
156621222296
156631333306
156631333326
156631333346
156631333376
156631333386
156631333396
156641444406
156641444426
156641444436
156641444476
156641444486
156641444496
156671777706
156671777726
156671777736
156671777746
156671777786
156671777796
156681888806
156681888826
156681888836
156681888846
156681888876
156681888896
156691999906
156691999926
156691999936
156691999946
156691999976
156691999986
157701000027
157701000037
157701000047
157701000067
157701000087
157701000097
157721222207
157721222237
157721222247
157721222267
157721222287
157721222297
157731333307
157731333327
157731333347
157731333367
157731333387
157731333397
157741444407
157741444427
157741444437
157741444467
157741444487
157741444497
157761666607
157761666627
157761666637
157761666647
157761666687
157761666697
157781888807
157781888827
157781888837
157781888847
157781888867
157781888897
157791999907
157791999927
157791999937
157791999947
157791999967
157791999987
158801000028
158801000038
158801000048
158801000068
158801000078
158801000098
158821222208
158821222238
158821222248
158821222268
158821222278
158821222298
158831333308
158831333328
158831333348
158831333368
158831333378
158831333398
158841444408
158841444428
158841444438
158841444468
158841444478
158841444498
158861666608
158861666628
158861666638
158861666648
158861666678
158861666698
158871777708
158871777728
158871777738
158871777748
158871777768
158871777798
158891999908
158891999928
158891999938
158891999948
158891999968
158891999978
159901000029
159901000039
159901000049
159901000069
159901000079
159901000089
159921222209
159921222239
159921222249
159921222269
159921222279
159921222289
159931333309
159931333329
159931333349
159931333369
159931333379
159931333389
159941444409
159941444429
159941444439
159941444469
159941444479
159941444489
159961666609
159961666629
159961666639
159961666649
159961666679
159961666689
159971777709
159971777729
159971777739
159971777749
159971777769
159971777789
159981888809
159981888829
159981888839
159981888849
159981888869
159981888879
160021222230
160021222240
160021222250
160021222270
160021222280
160021222290
160031333320
160031333340
160031333350
160031333370
160031333380
160031333390
160041444420
160041444430
160041444450
160041444470
160041444480
160041444490
160051555520
160051555530
160051555540
160051555570
160051555580
160051555590
160071777720
160071777730
160071777740
160071777750
160071777780
160071777790
160081888820
160081888830
160081888840
160081888850
160081888870
160081888890
160091999920
160091999930
160091999940
160091999950
160091999970
160091999980
162201000032
162201000042
162201000052
162201000072
162201000082
162201000092
162231333302
162231333342
162231333352
162231333372
162231333382
162231333392
162241444402
162241444432
162241444452
162241444472
162241444482
162241444492
162251555502
162251555532
162251555542
162251555572
162251555582
162251555592
162271777702
162271777732
162271777742
162271777752
162271777782
162271777792
162281888802
162281888832
162281888842
162281888852
162281888872
162281888892
162291999902
162291999932
162291999942
162291999952
162291999972
162291999982
163301000023
163301000043
163301000053
163301000073
163301000083
163301000093
163321222203
163321222243
163321222253
163321222273
163321222283
163321222293
163341444403
163341444423
163341444453
163341444473
163341444483
163341444493
163351555503
163351555523
163351555543
163351555573
163351555583
163351555593
163371777703
163371777723
163371777743
163371777753
163371777783
163371777793
163381888803
163381888823
163381888843
163381888853
163381888873
163381888893
163391999903
163391999923
163391999943
163391999953
163391999973
163391999983
164401000024
164401000034
164401000054
164401000074
164401000084
164401000094
164421222204
164421222234
164421222254
164421222274
164421222284
164421222294
164431333304
164431333324
164431333354
164431333374
164431333384
164431333394
164451555504
164451555524
164451555534
164451555574
164451555584
164451555594
164471777704
164471777724
164471777734
164471777754
164471777784
164471777794
164481888804
164481888824
164481888834
164481888854
164481888874
164481888894
164491999904
164491999924
164491999934
164491999954
164491999974
164491999984
165501000025
165501000035
165501000045
165501000075
165501000085
165501000095
165521222205
165521222235
165521222245
165521222275
165521222285
165521222295
165531333305
165531333325
165531333345
165531333375
165531333385
165531333395
165541444405
165541444425
165541444435
165541444475
165541444485
165541444495
165571777705
165571777725
165571777735
165571777745
165571777785
165571777795
165581888805
165581888825
165581888835
165581888845
165581888875
165581888895
165591999905
165591999925
165591999935
165591999945
165591999975
165591999985
167701000027
167701000037
167701000047
167701000057
167701000087
167701000097
167721222207
167721222237
167721222247
167721222257
167721222287
167721222297
167731333307
167731333327
167731333347
167731333357
167731333387
167731333397
167741444407
167741444427
167741444437
167741444457
167741444487
167741444497
167751555507
167751555527
167751555537
167751555547
167751555587
167751555597
167781888807
167781888827
167781888837
167781888847
167781888857
167781888897
167791999907
167791999927
167791999937
167791999947
167791999957
167791999987
168801000028
168801000038
168801000048
168801000058
168801000078
168801000098
168821222208
168821222238
168821222248
168821222258
168821222278
168821222298
168831333308
168831333328
168831333348
168831333358
168831333378
168831333398
168841444408
168841444428
168841444438
168841444458
168841444478
168841444498
168851555508
168851555528
168851555538
168851555548
168851555578
168851555598
168871777708
168871777728
168871777738
168871777748
168871777758
168871777798
168891999908
168891999928
168891999938
168891999948
168891999958
168891999978
169901000029
169901000039
169901000049
169901000059
169901000079
169901000089
169921222209
169921222239
169921222249
169921222259
169921222279
169921222289
169931333309
169931333329
169931333349
169931333359
169931333379
169931333389
169941444409
169941444429
169941444439
169941444459
169941444479
169941444489
169951555509
169951555529
169951555539
169951555549
169951555579
169951555589
169971777709
169971777729
169971777739
169971777749
169971777759
169971777789
169981888809
169981888829
169981888839
169981888849
169981888859
169981888879
170021222230
170021222240
170021222250
170021222260
170021222280
170021222290
170031333320
170031333340
170031333350
170031333360
170031333380
170031333390
170041444420
170041444430
170041444450
170041444460
170041444480
170041444490
170051555520
170051555530
170051555540
170051555560
170051555580
170051555590
170061666620
170061666630
170061666640
170061666650
170061666680
170061666690
170081888820
170081888830
170081888840
170081888850
170081888860
170081888890
170091999920
170091999930
170091999940
170091999950
170091999960
170091999980
172201000032
172201000042
172201000052
172201000062
172201000082
172201000092
172231333302
172231333342
172231333352
172231333362
172231333382
172231333392
172241444402
172241444432
172241444452
172241444462
172241444482
172241444492
172251555502
172251555532
172251555542
172251555562
172251555582
172251555592
172261666602
172261666632
172261666642
172261666652
172261666682
172261666692
172281888802
172281888832
172281888842
172281888852
172281888862
172281888892
172291999902
172291999932
172291999942
172291999952
172291999962
172291999982
173301000023
173301000043
173301000053
173301000063
173301000083
173301000093
173321222203
173321222243
173321222253
173321222263
173321222283
173321222293
173341444403
173341444423
173341444453
173341444463
173341444483
173341444493
173351555503
173351555523
173351555543
173351555563
173351555583
173351555593
173361666603
173361666623
173361666643
173361666653
173361666683
173361666693
173381888803
173381888823
173381888843
173381888853
173381888863
173381888893
173391999903
173391999923
173391999943
173391999953
173391999963
173391999983
174401000024
174401000034
174401000054
174401000064
174401000084
174401000094
174421222204
174421222234
174421222254
174421222264
174421222284
174421222294
174431333304
174431333324
174431333354
174431333364
174431333384
174431333394
174451555504
174451555524
174451555534
174451555564
174451555584
174451555594
174461666604
174461666624
174461666634
174461666654
174461666684
174461666694
174481888804
174481888824
174481888834
174481888854
174481888864
174481888894
174491999904
174491999924
174491999934
174491999954
174491999964
174491999984
175501000025
175501000035
175501000045
175501000065
175501000085
175501000095
175521222205
175521222235
175521222245
175521222265
175521222285
175521222295
175531333305
175531333325
175531333345
175531333365
175531333385
175531333395
175541444405
175541444425
175541444435
175541444465
175541444485
175541444495
175561666605
175561666625
175561666635
175561666645
175561666685
175561666695
175581888805
175581888825
175581888835
175581888845
175581888865
175581888895
175591999905
175591999925
175591999935
175591999945
175591999965
175591999985
176601000026
176601000036
176601000046
176601000056
176601000086
176601000096
176621222206
176621222236
176621222246
176621222256
176621222286
176621222296
176631333306
176631333326
176631333346
176631333356
176631333386
176631333396
176641444406
176641444426
176641444436
176641444456
176641444486
176641444496
176651555506
176651555526
176651555536
176651555546
176651555586
176651555596
176681888806
176681888826
176681888836
176681888846
176681888856
176681888896
176691999906
176691999926
176691999936
176691999946
176691999956
176691999986
178801000028
178801000038
178801000048
178801000058
178801000068
178801000098
178821222208
178821222238
178821222248
178821222258
178821222268
178821222298
178831333308
178831333328
178831333348
178831333358
178831333368
178831333398
178841444408
178841444428
178841444438
178841444458
178841444468
178841444498
178851555508
178851555528
178851555538
178851555548
178851555568
178851555598
178861666608
178861666628
178861666638
178861666648
178861666658
178861666698
178891999908
178891999928
178891999938
178891999948
178891999958
178891999968
179901000029
179901000039
179901000049
179901000059
179901000069
179901000089
179921222209
179921222239
179921222249
179921222259
179921222269
179921222289
179931333309
179931333329
179931333349
179931333359
179931333369
179931333389
179941444409
179941444429
179941444439
179941444459
179941444469
179941444489
179951555509
179951555529
179951555539
179951555549
179951555569
179951555589
179961666609
179961666629
179961666639
179961666649
179961666659
179961666689
179981888809
179981888829
179981888839
179981888849
179981888859
179981888869
180021222230
180021222240
180021222250
180021222260
180021222270
180021222290
180031333320
180031333340
180031333350
180031333360
180031333370
180031333390
180041444420
180041444430
180041444450
180041444460
180041444470
180041444490
180051555520
180051555530
180051555540
180051555560
180051555570
180051555590
180061666620
180061666630
180061666640
180061666650
180061666670
180061666690
180071777720
180071777730
180071777740
180071777750
180071777760
180071777790
180091999920
180091999930
180091999940
180091999950
180091999960
180091999970
182201000032
182201000042
182201000052
182201000062
182201000072
182201000092
182231333302
182231333342
182231333352
182231333362
182231333372
182231333392
182241444402
182241444432
182241444452
182241444462
182241444472
182241444492
182251555502
182251555532
182251555542
182251555562
182251555572
182251555592
182261666602
182261666632
182261666642
182261666652
182261666672
182261666692
182271777702
182271777732
182271777742
182271777752
182271777762
182271777792
182291999902
182291999932
182291999942
182291999952
182291999962
182291999972
183301000023
183301000043
183301000053
183301000063
183301000073
183301000093
183321222203
183321222243
183321222253
183321222263
183321222273
183321222293
183341444403
183341444423
183341444453
183341444463
183341444473
183341444493
183351555503
183351555523
183351555543
183351555563
183351555573
183351555593
183361666603
183361666623
183361666643
183361666653
183361666673
183361666693
183371777703
183371777723
183371777743
183371777753
183371777763
183371777793
183391999903
183391999923
183391999943
183391999953
183391999963
183391999973
184401000024
184401000034
184401000054
184401000064
184401000074
184401000094
184421222204
184421222234
184421222254
184421222264
184421222274
184421222294
184431333304
184431333324
184431333354
184431333364
184431333374
184431333394
184451555504
184451555524
184451555534
184451555564
184451555574
184451555594
184461666604
184461666624
184461666634
184461666654
184461666674
184461666694
184471777704
184471777724
184471777734
184471777754
184471777764
184471777794
184491999904
184491999924
184491999934
184491999954
184491999964
184491999974
185501000025
185501000035
185501000045
185501000065
185501000075
185501000095
185521222205
185521222235
185521222245
185521222265
185521222275
185521222295
185531333305
185531333325
185531333345
185531333365
185531333375
185531333395
185541444405
185541444425
185541444435
185541444465
185541444475
185541444495
185561666605
185561666625
185561666635
185561666645
185561666675
185561666695
185571777705
185571777725
185571777735
185571777745
185571777765
185571777795
185591999905
185591999925
185591999935
185591999945
185591999965
185591999975
186601000026
186601000036
186601000046
186601000056
186601000076
186601000096
186621222206
186621222236
186621222246
186621222256
186621222276
186621222296
186631333306
186631333326
186631333346
186631333356
186631333376
186631333396
186641444406
186641444426
186641444436
186641444456
186641444476
186641444496
186651555506
186651555526
186651555536
186651555546
186651555576
186651555596
186671777706
186671777726
186671777736
186671777746
186671777756
186671777796
186691999906
186691999926
186691999936
186691999946
186691999956
186691999976
187701000027
187701000037
187701000047
187701000057
187701000067
187701000097
187721222207
187721222237
187721222247
187721222257
187721222267
187721222297
187731333307
187731333327
187731333347
187731333357
187731333367
187731333397
187741444407
187741444427
187741444437
187741444457
187741444467
187741444497
187751555507
187751555527
187751555537
187751555547
187751555567
187751555597
187761666607
187761666627
187761666637
187761666647
187761666657
187761666697
187791999907
187791999927
187791999937
187791999947
187791999957
187791999967
189901000029
189901000039
189901000049
189901000059
189901000069
189901000079
189921222209
189921222239
189921222249
189921222259
189921222269
189921222279
189931333309
189931333329
189931333349
189931333359
189931333369
189931333379
189941444409
189941444429
189941444439
189941444459
189941444469
189941444479
189951555509
189951555529
189951555539
189951555549
189951555569
189951555579
189961666609
189961666629
189961666639
189961666649
189961666659
189961666679
189971777709
189971777729
189971777739
189971777749
189971777759
189971777769
190021222230
190021222240
190021222250
190021222260
190021222270
190021222280
190031333320
190031333340
190031333350
190031333360
190031333370
190031333380
190041444420
190041444430
190041444450
190041444460
190041444470
190041444480
190051555520
190051555530
190051555540
190051555560
190051555570
190051555580
190061666620
190061666630
190061666640
190061666650
190061666670
190061666680
190071777720
190071777730
190071777740
190071777750
190071777760
190071777780
190081888820
190081888830
190081888840
190081888850
190081888860
190081888870
192201000032
192201000042
192201000052
192201000062
192201000072
192201000082
192231333302
192231333342
192231333352
192231333362
192231333372
192231333382
192241444402
192241444432
192241444452
192241444462
192241444472
192241444482
192251555502
192251555532
192251555542
192251555562
192251555572
192251555582
192261666602
192261666632
192261666642
192261666652
192261666672
192261666682
192271777702
192271777732
192271777742
192271777752
192271777762
192271777782
192281888802
192281888832
192281888842
192281888852
192281888862
192281888872
193301000023
193301000043
193301000053
193301000063
193301000073
193301000083
193321222203
193321222243
193321222253
193321222263
193321222273
193321222283
193341444403
193341444423
193341444453
193341444463
193341444473
193341444483
193351555503
193351555523
193351555543
193351555563
193351555573
193351555583
193361666603
193361666623
193361666643
193361666653
193361666673
193361666683
193371777703
193371777723
193371777743
193371777753
193371777763
193371777783
193381888803
193381888823
193381888843
193381888853
193381888863
193381888873
194401000024
194401000034
194401000054
194401000064
194401000074
194401000084
194421222204
194421222234
194421222254
194421222264
194421222274
194421222284
194431333304
194431333324
194431333354
194431333364
194431333374
194431333384
194451555504
194451555524
194451555534
194451555564
194451555574
194451555584
194461666604
194461666624
194461666634
194461666654
194461666674
194461666684
194471777704
194471777724
194471777734
194471777754
194471777764
194471777784
194481888804
194481888824
194481888834
194481888854
194481888864
194481888874
195501000025
195501000035
195501000045
195501000065
195501000075
195501000085
195521222205
195521222235
195521222245
195521222265
195521222275
195521222285
195531333305
195531333325
195531333345
195531333365
195531333375
195531333385
195541444405
195541444425
195541444435
195541444465
195541444475
195541444485
195561666605
195561666625
195561666635
195561666645
195561666675
195561666685
195571777705
195571777725
195571777735
195571777745
195571777765
195571777785
195581888805
195581888825
195581888835
195581888845
195581888865
195581888875
196601000026
196601000036
196601000046
196601000056
196601000076
196601000086
196621222206
196621222236
196621222246
196621222256
196621222276
196621222286
196631333306
196631333326
196631333346
196631333356
196631333376
196631333386
196641444406
196641444426
196641444436
196641444456
196641444476
196641444486
196651555506
196651555526
196651555536
196651555546
196651555576
196651555586
196671777706
196671777726
196671777736
196671777746
196671777756
196671777786
196681888806
196681888826
196681888836
196681888846
196681888856
196681888876
197701000027
197701000037
197701000047
197701000057
197701000067
197701000087
197721222207
197721222237
197721222247
197721222257
197721222267
197721222287
197731333307
197731333327
197731333347
197731333357
197731333367
197731333387
197741444407
197741444427
197741444437
197741444457
197741444467
197741444487
197751555507
197751555527
197751555537
197751555547
197751555567
197751555587
197761666607
197761666627
197761666637
197761666647
197761666657
197761666687
197781888807
197781888827
197781888837
197781888847
197781888857
197781888867
198801000028
198801000038
198801000048
198801000058
198801000068
198801000078
198821222208
198821222238
198821222248
198821222258
198821222268
198821222278
198831333308
198831333328
198831333348
198831333358
198831333368
198831333378
198841444408
198841444428
198841444438
198841444458
198841444468
198841444478
198851555508
198851555528
198851555538
198851555548
198851555568
198851555578
198861666608
198861666628
198861666638
198861666648
198861666658
198861666678
198871777708
198871777728
198871777738
198871777748
198871777758
198871777768
201132333341
201132333351
201132333361
201132333371
201132333381
201132333391
201142444431
201142444451
201142444461
201142444471
201142444481
201142444491
201152555531
201152555541
201152555561
201152555571
201152555581
201152555591
201162666631
201162666641
201162666651
201162666671
201162666681
201162666691
201172777731
201172777741
201172777751
201172777761
201172777781
201172777791
201182888831
201182888841
201182888851
201182888861
201182888871
201182888891
201192999931
201192999941
201192999951
201192999961
201192999971
201192999981
203312111143
203312111153
203312111163
203312111173
203312111183
203312111193
203342444413
203342444453
203342444463
203342444473
203342444483
203342444493
203352555513
203352555543
203352555563
203352555573
203352555583
203352555593
203362666613
203362666643
203362666653
203362666673
203362666683
203362666693
203372777713
203372777743
203372777753
203372777763
203372777783
203372777793
203382888813
203382888843
203382888853
203382888863
203382888873
203382888893
203392999913
203392999943
203392999953
203392999963
203392999973
203392999983
204412111134
204412111154
204412111164
204412111174
204412111184
204412111194
204432333314
204432333354
204432333364
204432333374
204432333384
204432333394
204452555514
204452555534
204452555564
204452555574
204452555584
204452555594
204462666614
204462666634
204462666654
204462666674
204462666684
204462666694
204472777714
204472777734
204472777754
204472777764
204472777784
204472777794
204482888814
204482888834
204482888854
204482888864
204482888874
204482888894
204492999914
204492999934
204492999954
204492999964
204492999974
204492999984
205512111135
205512111145
205512111165
205512111175
205512111185
205512111195
205532333315
205532333345
205532333365
205532333375
205532333385
205532333395
205542444415
205542444435
205542444465
205542444475
205542444485
205542444495
205562666615
205562666635
205562666645
205562666675
205562666685
205562666695
205572777715
205572777735
205572777745
205572777765
205572777785
205572777795
205582888815
205582888835
205582888845
205582888865
205582888875
205582888895
205592999915
205592999935
205592999945
205592999965
205592999975
205592999985
206612111136
206612111146
206612111156
206612111176
206612111186
206612111196
206632333316
206632333346
206632333356
206632333376
206632333386
206632333396
206642444416
206642444436
206642444456
206642444476
206642444486
206642444496
206652555516
206652555536
206652555546
206652555576
206652555586
206652555596
206672777716
206672777736
206672777746
206672777756
206672777786
206672777796
206682888816
206682888836
206682888846
206682888856
206682888876
206682888896
206692999916
206692999936
206692999946
206692999956
206692999976
206692999986
207712111137
207712111147
207712111157
207712111167
207712111187
207712111197
207732333317
207732333347
207732333357
207732333367
207732333387
207732333397
207742444417
207742444437
207742444457
207742444467
207742444487
207742444497
207752555517
207752555537
207752555547
207752555567
207752555587
207752555597
207762666617
207762666637
207762666647
207762666657
207762666687
207762666697
207782888817
207782888837
207782888847
207782888857
207782888867
207782888897
207792999917
207792999937
207792999947
207792999957
207792999967
207792999987
208812111138
208812111148
208812111158
208812111168
208812111178
208812111198
208832333318
208832333348
208832333358
208832333368
208832333378
208832333398
208842444418
208842444438
208842444458
208842444468
208842444478
208842444498
208852555518
208852555538
208852555548
208852555568
208852555578
208852555598
208862666618
208862666638
208862666648
208862666658
208862666678
208862666698
208872777718
208872777738
208872777748
208872777758
208872777768
208872777798
208892999918
208892999938
208892999948
208892999958
208892999968
208892999978
209912111139
209912111149
209912111159
209912111169
209912111179
209912111189
209932333319
209932333349
209932333359
209932333369
209932333379
209932333389
209942444419
209942444439
209942444459
209942444469
209942444479
209942444489
209952555519
209952555539
209952555549
209952555569
209952555579
209952555589
209962666619
209962666639
209962666649
209962666659
209962666679
209962666689
209972777719
209972777739
209972777749
209972777759
209972777769
209972777789
209982888819
209982888839
209982888849
209982888859
209982888869
209982888879
210032333340
210032333350
210032333360
210032333370
210032333380
210032333390
210042444430
210042444450
210042444460
210042444470
210042444480
210042444490
210052555530
210052555540
210052555560
210052555570
210052555580
210052555590
210062666630
210062666640
210062666650
210062666670
210062666680
210062666690
210072777730
210072777740
210072777750
210072777760
210072777780
210072777790
210082888830
210082888840
210082888850
210082888860
210082888870
210082888890
210092999930
210092999940
210092999950
210092999960
210092999970
210092999980
213302000043
213302000053
213302000063
213302000073
213302000083
213302000093
213342444403
213342444453
213342444463
213342444473
213342444483
213342444493
213352555503
213352555543
213352555563
213352555573
213352555583
213352555593
213362666603
213362666643
213362666653
213362666673
213362666683
213362666693
213372777703
213372777743
213372777753
213372777763
213372777783
213372777793
213382888803
213382888843
213382888853
213382888863
213382888873
213382888893
213392999903
213392999943
213392999953
213392999963
213392999973
213392999983
214402000034
214402000054
214402000064
214402000074
214402000084
214402000094
214432333304
214432333354
214432333364
214432333374
214432333384
214432333394
214452555504
214452555534
214452555564
214452555574
214452555584
214452555594
214462666604
214462666634
214462666654
214462666674
214462666684
214462666694
214472777704
214472777734
214472777754
214472777764
214472777784
214472777794
214482888804
214482888834
214482888854
214482888864
214482888874
214482888894
214492999904
214492999934
214492999954
214492999964
214492999974
214492999984
215502000035
215502000045
215502000065
215502000075
215502000085
215502000095
215532333305
215532333345
215532333365
215532333375
215532333385
215532333395
215542444405
215542444435
215542444465
215542444475
215542444485
215542444495
215562666605
215562666635
215562666645
215562666675
215562666685
215562666695
215572777705
215572777735
215572777745
215572777765
215572777785
215572777795
215582888805
215582888835
215582888845
215582888865
215582888875
215582888895
215592999905
215592999935
215592999945
215592999965
215592999975
215592999985
216602000036
216602000046
216602000056
216602000076
216602000086
216602000096
216632333306
216632333346
216632333356
216632333376
216632333386
216632333396
216642444406
216642444436
216642444456
216642444476
216642444486
216642444496
216652555506
216652555536
216652555546
216652555576
216652555586
216652555596
216672777706
216672777736
216672777746
216672777756
216672777786
216672777796
216682888806
216682888836
216682888846
216682888856
216682888876
216682888896
216692999906
216692999936
216692999946
216692999956
216692999976
216692999986
217702000037
217702000047
217702000057
217702000067
217702000087
217702000097
217732333307
217732333347
217732333357
217732333367
217732333387
217732333397
217742444407
217742444437
217742444457
217742444467
217742444487
217742444497
217752555507
217752555537
217752555547
217752555567
217752555587
217752555597
217762666607
217762666637
217762666647
217762666657
217762666687
217762666697
217782888807
217782888837
217782888847
217782888857
217782888867
217782888897
217792999907
217792999937
217792999947
217792999957
217792999967
217792999987
218802000038
218802000048
218802000058
218802000068
218802000078
218802000098
218832333308
218832333348
218832333358
218832333368
218832333378
218832333398
218842444408
218842444438
218842444458
218842444468
218842444478
218842444498
218852555508
218852555538
218852555548
218852555568
218852555578
218852555598
218862666608
218862666638
218862666648
218862666658
218862666678
218862666698
218872777708
218872777738
218872777748
218872777758
218872777768
218872777798
218892999908
218892999938
218892999948
218892999958
218892999968
218892999978
219902000039
219902000049
219902000059
219902000069
219902000079
219902000089
219932333309
219932333349
219932333359
219932333369
219932333379
219932333389
219942444409
219942444439
219942444459
219942444469
219942444479
219942444489
219952555509
219952555539
219952555549
219952555569
219952555579
219952555589
219962666609
219962666639
219962666649
219962666659
219962666679
219962666689
219972777709
219972777739
219972777749
219972777759
219972777769
219972777789
219982888809
219982888839
219982888849
219982888859
219982888869
219982888879
230012111140
230012111150
230012111160
230012111170
230012111180
230012111190
230042444410
230042444450
230042444460
230042444470
230042444480
230042444490
230052555510
230052555540
230052555560
230052555570
230052555580
230052555590
230062666610
230062666640
230062666650
230062666670
230062666680
230062666690
230072777710
230072777740
230072777750
230072777760
230072777780
230072777790
230082888810
230082888840
230082888850
230082888860
230082888870
230082888890
230092999910
230092999940
230092999950
230092999960
230092999970
230092999980
231102000041
231102000051
231102000061
231102000071
231102000081
231102000091
231142444401
231142444451
231142444461
231142444471
231142444481
231142444491
231152555501
231152555541
231152555561
231152555571
231152555581
231152555591
231162666601
231162666641
231162666651
231162666671
231162666681
231162666691
231172777701
231172777741
231172777751
231172777761
231172777781
231172777791
231182888801
231182888841
231182888851
231182888861
231182888871
231182888891
231192999901
231192999941
231192999951
231192999961
231192999971
231192999981
234402000014
234402000054
234402000064
234402000074
234402000084
234402000094
234412111104
234412111154
234412111164
234412111174
234412111184
234412111194
234452555504
234452555514
234452555564
234452555574
234452555584
234452555594
234462666604
234462666614
234462666654
234462666674
234462666684
234462666694
234472777704
234472777714
234472777754
234472777764
234472777784
234472777794
234482888804
234482888814
234482888854
234482888864
234482888874
234482888894
234492999904
234492999914
234492999954
234492999964
234492999974
234492999984
235502000015
235502000045
235502000065
235502000075
235502000085
235502000095
235512111105
235512111145
235512111165
235512111175
235512111185
235512111195
235542444405
235542444415
235542444465
235542444475
235542444485
235542444495
235562666605
235562666615
235562666645
235562666675
235562666685
235562666695
235572777705
235572777715
235572777745
235572777765
235572777785
235572777795
235582888805
235582888815
235582888845
235582888865
235582888875
235582888895
235592999905
235592999915
235592999945
235592999965
235592999975
235592999985
236602000016
236602000046
236602000056
236602000076
236602000086
236602000096
236612111106
236612111146
236612111156
236612111176
236612111186
236612111196
236642444406
236642444416
236642444456
236642444476
236642444486
236642444496
236652555506
236652555516
236652555546
236652555576
236652555586
236652555596
236672777706
236672777716
236672777746
236672777756
236672777786
236672777796
236682888806
236682888816
236682888846
236682888856
236682888876
236682888896
236692999906
236692999916
236692999946
236692999956
236692999976
236692999986
237702000017
237702000047
237702000057
237702000067
237702000087
237702000097
237712111107
237712111147
237712111157
237712111167
237712111187
237712111197
237742444407
237742444417
237742444457
237742444467
237742444487
237742444497
237752555507
237752555517
237752555547
237752555567
237752555587
237752555597
237762666607
237762666617
237762666647
237762666657
237762666687
237762666697
237782888807
237782888817
237782888847
237782888857
237782888867
237782888897
237792999907
237792999917
237792999947
237792999957
237792999967
237792999987
238802000018
238802000048
238802000058
238802000068
238802000078
238802000098
238812111108
238812111148
238812111158
238812111168
238812111178
238812111198
238842444408
238842444418
238842444458
238842444468
238842444478
238842444498
238852555508
238852555518
238852555548
238852555568
238852555578
238852555598
238862666608
238862666618
238862666648
238862666658
238862666678
238862666698
238872777708
238872777718
238872777748
238872777758
238872777768
238872777798
238892999908
238892999918
238892999948
238892999958
238892999968
238892999978
239902000019
239902000049
239902000059
239902000069
239902000079
239902000089
239912111109
239912111149
239912111159
239912111169
239912111179
239912111189
239942444409
239942444419
239942444459
239942444469
239942444479
239942444489
239952555509
239952555519
239952555549
239952555569
239952555579
239952555589
239962666609
239962666619
239962666649
239962666659
239962666679
239962666689
239972777709
239972777719
239972777749
239972777759
239972777769
239972777789
239982888809
239982888819
239982888849
239982888859
239982888869
239982888879
240012111130
240012111150
240012111160
240012111170
240012111180
240012111190
240032333310
240032333350
240032333360
240032333370
240032333380
240032333390
240052555510
240052555530
240052555560
240052555570
240052555580
240052555590
240062666610
240062666630
240062666650
240062666670
240062666680
240062666690
240072777710
240072777730
240072777750
240072777760
240072777780
240072777790
240082888810
240082888830
240082888850
240082888860
240082888870
240082888890
240092999910
240092999930
240092999950
240092999960
240092999970
240092999980
241102000031
241102000051
241102000061
241102000071
241102000081
241102000091
241132333301
241132333351
241132333361
241132333371
241132333381
241132333391
241152555501
241152555531
241152555561
241152555571
241152555581
241152555591
241162666601
241162666631
241162666651
241162666671
241162666681
241162666691
241172777701
241172777731
241172777751
241172777761
241172777781
241172777791
241182888801
241182888831
241182888851
241182888861
241182888871
241182888891
241192999901
241192999931
241192999951
241192999961
241192999971
241192999981
243302000013
243302000053
243302000063
243302000073
243302000083
243302000093
243312111103
243312111153
243312111163
243312111173
243312111183
243312111193
243352555503
243352555513
243352555563
243352555573
243352555583
243352555593
243362666603
243362666613
243362666653
243362666673
243362666683
243362666693
243372777703
243372777713
243372777753
243372777763
243372777783
243372777793
243382888803
243382888813
243382888853
243382888863
243382888873
243382888893
243392999903
243392999913
243392999953
243392999963
243392999973
243392999983
245502000015
245502000035
245502000065
245502000075
245502000085
245502000095
245512111105
245512111135
245512111165
245512111175
245512111185
245512111195
245532333305
245532333315
245532333365
245532333375
245532333385
245532333395
245562666605
245562666615
245562666635
245562666675
245562666685
245562666695
245572777705
245572777715
245572777735
245572777765
245572777785
245572777795
245582888805
245582888815
245582888835
245582888865
245582888875
245582888895
245592999905
245592999915
245592999935
245592999965
245592999975
245592999985
246602000016
246602000036
246602000056
246602000076
246602000086
246602000096
246612111106
246612111136
246612111156
246612111176
246612111186
246612111196
246632333306
246632333316
246632333356
246632333376
246632333386
246632333396
246652555506
246652555516
246652555536
246652555576
246652555586
246652555596
246672777706
246672777716
246672777736
246672777756
246672777786
246672777796
246682888806
246682888816
246682888836
246682888856
246682888876
246682888896
246692999906
246692999916
246692999936
246692999956
246692999976
246692999986
247702000017
247702000037
247702000057
247702000067
247702000087
247702000097
247712111107
247712111137
247712111157
247712111167
247712111187
247712111197
247732333307
247732333317
247732333357
247732333367
247732333387
247732333397
247752555507
247752555517
247752555537
247752555567
247752555587
247752555597
247762666607
247762666617
247762666637
247762666657
247762666687
247762666697
247782888807
247782888817
247782888837
247782888857
247782888867
247782888897
247792999907
247792999917
247792999937
247792999957
247792999967
247792999987
248802000018
248802000038
248802000058
248802000068
248802000078
248802000098
248812111108
248812111138
248812111158
248812111168
248812111178
248812111198
248832333308
248832333318
248832333358
248832333368
248832333378
248832333398
248852555508
248852555518
248852555538
248852555568
248852555578
248852555598
248862666608
248862666618
248862666638
248862666658
248862666678
248862666698
248872777708
248872777718
248872777738
248872777758
248872777768
248872777798
248892999908
248892999918
248892999938
248892999958
248892999968
248892999978
249902000019
249902000039
249902000059
249902000069
249902000079
249902000089
249912111109
249912111139
249912111159
249912111169
249912111179
249912111189
249932333309
249932333319
249932333359
249932333369
249932333379
249932333389
249952555509
249952555519
249952555539
249952555569
249952555579
249952555589
249962666609
249962666619
249962666639
249962666659
249962666679
249962666689
249972777709
249972777719
249972777739
249972777759
249972777769
249972777789
249982888809
249982888819
249982888839
249982888859
249982888869
249982888879
250012111130
250012111140
250012111160
250012111170
250012111180
250012111190
250032333310
250032333340
250032333360
250032333370
250032333380
250032333390
250042444410
250042444430
250042444460
250042444470
250042444480
250042444490
250062666610
250062666630
250062666640
250062666670
250062666680
250062666690
250072777710
250072777730
250072777740
250072777760
250072777780
250072777790
250082888810
250082888830
250082888840
250082888860
250082888870
250082888890
250092999910
250092999930
250092999940
250092999960
250092999970
250092999980
251102000031
251102000041
251102000061
251102000071
251102000081
251102000091
251132333301
251132333341
251132333361
251132333371
251132333381
251132333391
251142444401
251142444431
251142444461
251142444471
251142444481
251142444491
251162666601
251162666631
251162666641
251162666671
251162666681
251162666691
251172777701
251172777731
251172777741
251172777761
251172777781
251172777791
251182888801
251182888831
251182888841
251182888861
251182888871
251182888891
251192999901
251192999931
251192999941
251192999961
251192999971
251192999981
253302000013
253302000043
253302000063
253302000073
253302000083
253302000093
253312111103
253312111143
253312111163
253312111173
253312111183
253312111193
253342444403
253342444413
253342444463
253342444473
253342444483
253342444493
253362666603
253362666613
253362666643
253362666673
253362666683
253362666693
253372777703
253372777713
253372777743
253372777763
253372777783
253372777793
253382888803
253382888813
253382888843
253382888863
253382888873
253382888893
253392999903
253392999913
253392999943
253392999963
253392999973
253392999983
254402000014
254402000034
254402000064
254402000074
254402000084
254402000094
254412111104
254412111134
254412111164
254412111174
254412111184
254412111194
254432333304
254432333314
254432333364
254432333374
254432333384
254432333394
254462666604
254462666614
254462666634
254462666674
254462666684
254462666694
254472777704
254472777714
254472777734
254472777764
254472777784
254472777794
254482888804
254482888814
254482888834
254482888864
254482888874
254482888894
254492999904
254492999914
254492999934
254492999964
254492999974
254492999984
256602000016
256602000036
256602000046
256602000076
256602000086
256602000096
256612111106
256612111136
256612111146
256612111176
256612111186
256612111196
256632333306
256632333316
256632333346
256632333376
256632333386
256632333396
256642444406
256642444416
256642444436
256642444476
256642444486
256642444496
256672777706
256672777716
256672777736
256672777746
256672777786
256672777796
256682888806
256682888816
256682888836
256682888846
256682888876
256682888896
256692999906
256692999916
256692999936
256692999946
256692999976
256692999986
257702000017
257702000037
257702000047
257702000067
257702000087
257702000097
257712111107
257712111137
257712111147
257712111167
257712111187
257712111197
257732333307
257732333317
257732333347
257732333367
257732333387
257732333397
257742444407
257742444417
257742444437
257742444467
257742444487
257742444497
257762666607
257762666617
257762666637
257762666647
257762666687
257762666697
257782888807
257782888817
257782888837
257782888847
257782888867
257782888897
257792999907
257792999917
257792999937
257792999947
257792999967
257792999987
258802000018
258802000038
258802000048
258802000068
258802000078
258802000098
258812111108
258812111138
258812111148
258812111168
258812111178
258812111198
258832333308
258832333318
258832333348
258832333368
258832333378
258832333398
258842444408
258842444418
258842444438
258842444468
258842444478
258842444498
258862666608
258862666618
258862666638
258862666648
258862666678
258862666698
258872777708
258872777718
258872777738
258872777748
258872777768
258872777798
258892999908
258892999918
258892999938
258892999948
258892999968
258892999978
259902000019
259902000039
259902000049
259902000069
259902000079
259902000089
259912111109
259912111139
259912111149
259912111169
259912111179
259912111189
259932333309
259932333319
259932333349
259932333369
259932333379
259932333389
259942444409
259942444419
259942444439
259942444469
259942444479
259942444489
259962666609
259962666619
259962666639
259962666649
259962666679
259962666689
259972777709
259972777719
259972777739
259972777749
259972777769
259972777789
259982888809
259982888819
259982888839
259982888849
259982888869
259982888879
260012111130
260012111140
260012111150
260012111170
260012111180
260012111190
260032333310
260032333340
260032333350
260032333370
260032333380
260032333390
260042444410
260042444430
260042444450
260042444470
260042444480
260042444490
260052555510
260052555530
260052555540
260052555570
260052555580
260052555590
260072777710
260072777730
260072777740
260072777750
260072777780
260072777790
260082888810
260082888830
260082888840
260082888850
260082888870
260082888890
260092999910
260092999930
260092999940
260092999950
260092999970
260092999980
261102000031
261102000041
261102000051
261102000071
261102000081
261102000091
261132333301
261132333341
261132333351
261132333371
261132333381
261132333391
261142444401
261142444431
261142444451
261142444471
261142444481
261142444491
261152555501
261152555531
261152555541
261152555571
261152555581
261152555591
261172777701
261172777731
261172777741
261172777751
261172777781
261172777791
261182888801
261182888831
261182888841
261182888851
261182888871
261182888891
261192999901
261192999931
261192999941
261192999951
261192999971
261192999981
263302000013
263302000043
263302000053
263302000073
263302000083
263302000093
263312111103
263312111143
263312111153
263312111173
263312111183
263312111193
263342444403
263342444413
263342444453
263342444473
263342444483
263342444493
263352555503
263352555513
263352555543
263352555573
263352555583
263352555593
263372777703
263372777713
263372777743
263372777753
263372777783
263372777793
263382888803
263382888813
263382888843
263382888853
263382888873
263382888893
263392999903
263392999913
263392999943
263392999953
263392999973
263392999983
264402000014
264402000034
264402000054
264402000074
264402000084
264402000094
264412111104
264412111134
264412111154
264412111174
264412111184
264412111194
264432333304
264432333314
264432333354
264432333374
264432333384
264432333394
264452555504
264452555514
264452555534
264452555574
264452555584
264452555594
264472777704
264472777714
264472777734
264472777754
264472777784
264472777794
264482888804
264482888814
264482888834
264482888854
264482888874
264482888894
264492999904
264492999914
264492999934
264492999954
264492999974
264492999984
265502000015
265502000035
265502000045
265502000075
265502000085
265502000095
265512111105
265512111135
265512111145
265512111175
265512111185
265512111195
265532333305
265532333315
265532333345
265532333375
265532333385
265532333395
265542444405
265542444415
265542444435
265542444475
265542444485
265542444495
265572777705
265572777715
265572777735
265572777745
265572777785
265572777795
265582888805
265582888815
265582888835
265582888845
265582888875
265582888895
265592999905
265592999915
265592999935
265592999945
265592999975
265592999985
267702000017
267702000037
267702000047
267702000057
267702000087
267702000097
267712111107
267712111137
267712111147
267712111157
267712111187
267712111197
267732333307
267732333317
267732333347
267732333357
267732333387
267732333397
267742444407
267742444417
267742444437
267742444457
267742444487
267742444497
267752555507
267752555517
267752555537
267752555547
267752555587
267752555597
267782888807
267782888817
267782888837
267782888847
267782888857
267782888897
267792999907
267792999917
267792999937
267792999947
267792999957
267792999987
268802000018
268802000038
268802000048
268802000058
268802000078
268802000098
268812111108
268812111138
268812111148
268812111158
268812111178
268812111198
268832333308
268832333318
268832333348
268832333358
268832333378
268832333398
268842444408
268842444418
268842444438
268842444458
268842444478
268842444498
268852555508
268852555518
268852555538
268852555548
268852555578
268852555598
268872777708
268872777718
268872777738
268872777748
268872777758
268872777798
268892999908
268892999918
268892999938
268892999948
268892999958
268892999978
269902000019
269902000039
269902000049
269902000059
269902000079
269902000089
269912111109
269912111139
269912111149
269912111159
269912111179
269912111189
269932333309
269932333319
269932333349
269932333359
269932333379
269932333389
269942444409
269942444419
269942444439
269942444459
269942444479
269942444489
269952555509
269952555519
269952555539
269952555549
269952555579
269952555589
269972777709
269972777719
269972777739
269972777749
269972777759
269972777789
269982888809
269982888819
269982888839
269982888849
269982888859
269982888879
270012111130
270012111140
270012111150
270012111160
270012111180
270012111190
270032333310
270032333340
270032333350
270032333360
270032333380
270032333390
270042444410
270042444430
270042444450
270042444460
270042444480
270042444490
270052555510
270052555530
270052555540
270052555560
270052555580
270052555590
270062666610
270062666630
270062666640
270062666650
270062666680
270062666690
270082888810
270082888830
270082888840
270082888850
270082888860
270082888890
270092999910
270092999930
270092999940
270092999950
270092999960
270092999980
271102000031
271102000041
271102000051
271102000061
271102000081
271102000091
271132333301
271132333341
271132333351
271132333361
271132333381
271132333391
271142444401
271142444431
271142444451
271142444461
271142444481
271142444491
271152555501
271152555531
271152555541
271152555561
271152555581
271152555591
271162666601
271162666631
271162666641
271162666651
271162666681
271162666691
271182888801
271182888831
271182888841
271182888851
271182888861
271182888891
271192999901
271192999931
271192999941
271192999951
271192999961
271192999981
273302000013
273302000043
273302000053
273302000063
273302000083
273302000093
273312111103
273312111143
273312111153
273312111163
273312111183
273312111193
273342444403
273342444413
273342444453
273342444463
273342444483
273342444493
273352555503
273352555513
273352555543
273352555563
273352555583
273352555593
273362666603
273362666613
273362666643
273362666653
273362666683
273362666693
273382888803
273382888813
273382888843
273382888853
273382888863
273382888893
273392999903
273392999913
273392999943
273392999953
273392999963
273392999983
274402000014
274402000034
274402000054
274402000064
274402000084
274402000094
274412111104
274412111134
274412111154
274412111164
274412111184
274412111194
274432333304
274432333314
274432333354
274432333364
274432333384
274432333394
274452555504
274452555514
274452555534
274452555564
274452555584
274452555594
274462666604
274462666614
274462666634
274462666654
274462666684
274462666694
274482888804
274482888814
274482888834
274482888854
274482888864
274482888894
274492999904
274492999914
274492999934
274492999954
274492999964
274492999984
275502000015
275502000035
275502000045
275502000065
275502000085
275502000095
275512111105
275512111135
275512111145
275512111165
275512111185
275512111195
275532333305
275532333315
275532333345
275532333365
275532333385
275532333395
275542444405
275542444415
275542444435
275542444465
275542444485
275542444495
275562666605
275562666615
275562666635
275562666645
275562666685
275562666695
275582888805
275582888815
275582888835
275582888845
275582888865
275582888895
275592999905
275592999915
275592999935
275592999945
275592999965
275592999985
276602000016
276602000036
276602000046
276602000056
276602000086
276602000096
276612111106
276612111136
276612111146
276612111156
276612111186
276612111196
276632333306
276632333316
276632333346
276632333356
276632333386
276632333396
276642444406
276642444416
276642444436
276642444456
276642444486
276642444496
276652555506
276652555516
276652555536
276652555546
276652555586
276652555596
276682888806
276682888816
276682888836
276682888846
276682888856
276682888896
276692999906
276692999916
276692999936
276692999946
276692999956
276692999986
278802000018
278802000038
278802000048
278802000058
278802000068
278802000098
278812111108
278812111138
278812111148
278812111158
278812111168
278812111198
278832333308
278832333318
278832333348
278832333358
278832333368
278832333398
278842444408
278842444418
278842444438
278842444458
278842444468
278842444498
278852555508
278852555518
278852555538
278852555548
278852555568
278852555598
278862666608
278862666618
278862666638
278862666648
278862666658
278862666698
278892999908
278892999918
278892999938
278892999948
278892999958
278892999968
279902000019
279902000039
279902000049
279902000059
279902000069
279902000089
279912111109
279912111139
279912111149
279912111159
279912111169
279912111189
279932333309
279932333319
279932333349
279932333359
279932333369
279932333389
279942444409
279942444419
279942444439
279942444459
279942444469
279942444489
279952555509
279952555519
279952555539
279952555549
279952555569
279952555589
279962666609
279962666619
279962666639
279962666649
279962666659
279962666689
279982888809
279982888819
279982888839
279982888849
279982888859
279982888869
280012111130
280012111140
280012111150
280012111160
280012111170
280012111190
280032333310
280032333340
280032333350
280032333360
280032333370
280032333390
280042444410
280042444430
280042444450
280042444460
280042444470
280042444490
280052555510
280052555530
280052555540
280052555560
280052555570
280052555590
280062666610
280062666630
280062666640
280062666650
280062666670
280062666690
280072777710
280072777730
280072777740
280072777750
280072777760
280072777790
280092999910
280092999930
280092999940
280092999950
280092999960
280092999970
281102000031
281102000041
281102000051
281102000061
281102000071
281102000091
281132333301
281132333341
281132333351
281132333361
281132333371
281132333391
281142444401
281142444431
281142444451
281142444461
281142444471
281142444491
281152555501
281152555531
281152555541
281152555561
281152555571
281152555591
281162666601
281162666631
281162666641
281162666651
281162666671
281162666691
281172777701
281172777731
281172777741
281172777751
281172777761
281172777791
281192999901
281192999931
281192999941
281192999951
281192999961
281192999971
283302000013
283302000043
283302000053
283302000063
283302000073
283302000093
283312111103
283312111143
283312111153
283312111163
283312111173
283312111193
283342444403
283342444413
283342444453
283342444463
283342444473
283342444493
283352555503
283352555513
283352555543
283352555563
283352555573
283352555593
283362666603
283362666613
283362666643
283362666653
283362666673
283362666693
283372777703
283372777713
283372777743
283372777753
283372777763
283372777793
283392999903
283392999913
283392999943
283392999953
283392999963
283392999973
284402000014
284402000034
284402000054
284402000064
284402000074
284402000094
284412111104
284412111134
284412111154
284412111164
284412111174
284412111194
284432333304
284432333314
284432333354
284432333364
284432333374
284432333394
284452555504
284452555514
284452555534
284452555564
284452555574
284452555594
284462666604
284462666614
284462666634
284462666654
284462666674
284462666694
284472777704
284472777714
284472777734
284472777754
284472777764
284472777794
284492999904
284492999914
284492999934
284492999954
284492999964
284492999974
285502000015
285502000035
285502000045
285502000065
285502000075
285502000095
285512111105
285512111135
285512111145
285512111165
285512111175
285512111195
285532333305
285532333315
285532333345
285532333365
285532333375
285532333395
285542444405
285542444415
285542444435
285542444465
285542444475
285542444495
285562666605
285562666615
285562666635
285562666645
285562666675
285562666695
285572777705
285572777715
285572777735
285572777745
285572777765
285572777795
285592999905
285592999915
285592999935
285592999945
285592999965
285592999975
286602000016
286602000036
286602000046
286602000056
286602000076
286602000096
286612111106
286612111136
286612111146
286612111156
286612111176
286612111196
286632333306
286632333316
286632333346
286632333356
286632333376
286632333396
286642444406
286642444416
286642444436
286642444456
286642444476
286642444496
286652555506
286652555516
286652555536
286652555546
286652555576
286652555596
286672777706
286672777716
286672777736
286672777746
286672777756
286672777796
286692999906
286692999916
286692999936
286692999946
286692999956
286692999976
287702000017
287702000037
287702000047
287702000057
287702000067
287702000097
287712111107
287712111137
287712111147
287712111157
287712111167
287712111197
287732333307
287732333317
287732333347
287732333357
287732333367
287732333397
287742444407
287742444417
287742444437
287742444457
287742444467
287742444497
287752555507
287752555517
287752555537
287752555547
287752555567
287752555597
287762666607
287762666617
287762666637
287762666647
287762666657
287762666697
287792999907
287792999917
287792999937
287792999947
287792999957
287792999967
289902000019
289902000039
289902000049
289902000059
289902000069
289902000079
289912111109
289912111139
289912111149
289912111159
289912111169
289912111179
289932333309
289932333319
289932333349
289932333359
289932333369
289932333379
289942444409
289942444419
289942444439
289942444459
289942444469
289942444479
289952555509
289952555519
289952555539
289952555549
289952555569
289952555579
289962666609
289962666619
289962666639
289962666649
289962666659
289962666679
289972777709
289972777719
289972777739
289972777749
289972777759
289972777769
290012111130
290012111140
290012111150
290012111160
290012111170
290012111180
290032333310
290032333340
290032333350
290032333360
290032333370
290032333380
290042444410
290042444430
290042444450
290042444460
290042444470
290042444480
290052555510
290052555530
290052555540
290052555560
290052555570
290052555580
290062666610
290062666630
290062666640
290062666650
290062666670
290062666680
290072777710
290072777730
290072777740
290072777750
290072777760
290072777780
290082888810
290082888830
290082888840
290082888850
290082888860
290082888870
291102000031
291102000041
291102000051
291102000061
291102000071
291102000081
291132333301
291132333341
291132333351
291132333361
291132333371
291132333381
291142444401
291142444431
291142444451
291142444461
291142444471
291142444481
291152555501
291152555531
291152555541
291152555561
291152555571
291152555581
291162666601
291162666631
291162666641
291162666651
291162666671
291162666681
291172777701
291172777731
291172777741
291172777751
291172777761
291172777781
291182888801
291182888831
291182888841
291182888851
291182888861
291182888871
293302000013
293302000043
293302000053
293302000063
293302000073
293302000083
293312111103
293312111143
293312111153
293312111163
293312111173
293312111183
293342444403
293342444413
293342444453
293342444463
293342444473
293342444483
293352555503
293352555513
293352555543
293352555563
293352555573
293352555583
293362666603
293362666613
293362666643
293362666653
293362666673
293362666683
293372777703
293372777713
293372777743
293372777753
293372777763
293372777783
293382888803
293382888813
293382888843
293382888853
293382888863
293382888873
294402000014
294402000034
294402000054
294402000064
294402000074
294402000084
294412111104
294412111134
294412111154
294412111164
294412111174
294412111184
294432333304
294432333314
294432333354
294432333364
294432333374
294432333384
294452555504
294452555514
294452555534
294452555564
294452555574
294452555584
294462666604
294462666614
294462666634
294462666654
294462666674
294462666684
294472777704
294472777714
294472777734
294472777754
294472777764
294472777784
294482888804
294482888814
294482888834
294482888854
294482888864
294482888874
295502000015
295502000035
295502000045
295502000065
295502000075
295502000085
295512111105
295512111135
295512111145
295512111165
295512111175
295512111185
295532333305
295532333315
295532333345
295532333365
295532333375
295532333385
295542444405
295542444415
295542444435
295542444465
295542444475
295542444485
295562666605
295562666615
295562666635
295562666645
295562666675
295562666685
295572777705
295572777715
295572777735
295572777745
295572777765
295572777785
295582888805
295582888815
295582888835
295582888845
295582888865
295582888875
296602000016
296602000036
296602000046
296602000056
296602000076
296602000086
296612111106
296612111136
296612111146
296612111156
296612111176
296612111186
296632333306
296632333316
296632333346
296632333356
296632333376
296632333386
296642444406
296642444416
296642444436
296642444456
296642444476
296642444486
296652555506
296652555516
296652555536
296652555546
296652555576
296652555586
296672777706
296672777716
296672777736
296672777746
296672777756
296672777786
296682888806
296682888816
296682888836
296682888846
296682888856
296682888876
297702000017
297702000037
297702000047
297702000057
297702000067
297702000087
297712111107
297712111137
297712111147
297712111157
297712111167
297712111187
297732333307
297732333317
297732333347
297732333357
297732333367
297732333387
297742444407
297742444417
297742444437
297742444457
297742444467
297742444487
297752555507
297752555517
297752555537
297752555547
297752555567
297752555587
297762666607
297762666617
297762666637
297762666647
297762666657
297762666687
297782888807
297782888817
297782888837
297782888847
297782888857
297782888867
298802000018
298802000038
298802000048
298802000058
298802000068
298802000078
298812111108
298812111138
298812111148
298812111158
298812111168
298812111178
298832333308
298832333318
298832333348
298832333358
298832333368
298832333378
298842444408
298842444418
298842444438
298842444458
298842444468
298842444478
298852555508
298852555518
298852555538
298852555548
298852555568
298852555578
298862666608
298862666618
298862666638
298862666648
298862666658
298862666678
298872777708
298872777718
298872777738
298872777748
298872777758
298872777768
301123222241
301123222251
301123222261
301123222271
301123222281
301123222291
301143444421
301143444451
301143444461
301143444471
301143444481
301143444491
301153555521
301153555541
301153555561
301153555571
301153555581
301153555591
301163666621
301163666641
301163666651
301163666671
301163666681
301163666691
301173777721
301173777741
301173777751
301173777761
301173777781
301173777791
301183888821
301183888841
301183888851
301183888861
301183888871
301183888891
301193999921
301193999941
301193999951
301193999961
301193999971
301193999981
302213111142
302213111152
302213111162
302213111172
302213111182
302213111192
302243444412
302243444452
302243444462
302243444472
302243444482
302243444492
302253555512
302253555542
302253555562
302253555572
302253555582
302253555592
302263666612
302263666642
302263666652
302263666672
302263666682
302263666692
302273777712
302273777742
302273777752
302273777762
302273777782
302273777792
302283888812
302283888842
302283888852
302283888862
302283888872
302283888892
302293999912
302293999942
302293999952
302293999962
302293999972
302293999982
304413111124
304413111154
304413111164
304413111174
304413111184
304413111194
304423222214
304423222254
304423222264
304423222274
304423222284
304423222294
304453555514
304453555524
304453555564
304453555574
304453555584
304453555594
304463666614
304463666624
304463666654
304463666674
304463666684
304463666694
304473777714
304473777724
304473777754
304473777764
304473777784
304473777794
304483888814
304483888824
304483888854
304483888864
304483888874
304483888894
304493999914
304493999924
304493999954
304493999964
304493999974
304493999984
305513111125
305513111145
305513111165
305513111175
305513111185
305513111195
305523222215
305523222245
305523222265
305523222275
305523222285
305523222295
305543444415
305543444425
305543444465
305543444475
305543444485
305543444495
305563666615
305563666625
305563666645
305563666675
305563666685
305563666695
305573777715
305573777725
305573777745
305573777765
305573777785
305573777795
305583888815
305583888825
305583888845
305583888865
305583888875
305583888895
305593999915
305593999925
305593999945
305593999965
305593999975
305593999985
306613111126
306613111146
306613111156
306613111176
306613111186
306613111196
306623222216
306623222246
306623222256
306623222276
306623222286
306623222296
306643444416
306643444426
306643444456
306643444476
306643444486
306643444496
306653555516
306653555526
306653555546
306653555576
306653555586
306653555596
306673777716
306673777726
306673777746
306673777756
306673777786
306673777796
306683888816
306683888826
306683888846
306683888856
306683888876
306683888896
306693999916
306693999926
306693999946
306693999956
306693999976
306693999986
307713111127
307713111147
307713111157
307713111167
307713111187
307713111197
307723222217
307723222247
307723222257
307723222267
307723222287
307723222297
307743444417
307743444427
307743444457
307743444467
307743444487
307743444497
307753555517
307753555527
307753555547
307753555567
307753555587
307753555597
307763666617
307763666627
307763666647
307763666657
307763666687
307763666697
307783888817
307783888827
307783888847
307783888857
307783888867
307783888897
307793999917
307793999927
307793999947
307793999957
307793999967
307793999987
308813111128
308813111148
308813111158
308813111168
308813111178
308813111198
308823222218
308823222248
308823222258
308823222268
308823222278
308823222298
308843444418
308843444428
308843444458
308843444468
308843444478
308843444498
308853555518
308853555528
308853555548
308853555568
308853555578
308853555598
308863666618
308863666628
308863666648
308863666658
308863666678
308863666698
308873777718
308873777728
308873777748
308873777758
308873777768
308873777798
308893999918
308893999928
308893999948
308893999958
308893999968
308893999978
309913111129
309913111149
309913111159
309913111169
309913111179
309913111189
309923222219
309923222249
309923222259
309923222269
309923222279
309923222289
309943444419
309943444429
309943444459
309943444469
309943444479
309943444489
309953555519
309953555529
309953555549
309953555569
309953555579
309953555589
309963666619
309963666629
309963666649
309963666659
309963666679
309963666689
309973777719
309973777729
309973777749
309973777759
309973777769
309973777789
309983888819
309983888829
309983888849
309983888859
309983888869
309983888879
310023222240
310023222250
310023222260
310023222270
310023222280
310023222290
310043444420
310043444450
310043444460
310043444470
310043444480
310043444490
310053555520
310053555540
310053555560
310053555570
310053555580
310053555590
310063666620
310063666640
310063666650
310063666670
310063666680
310063666690
310073777720
310073777740
310073777750
310073777760
310073777780
310073777790
310083888820
310083888840
310083888850
310083888860
310083888870
310083888890
310093999920
310093999940
310093999950
310093999960
310093999970
310093999980
312203000042
312203000052
312203000062
312203000072
312203000082
312203000092
312243444402
312243444452
312243444462
312243444472
312243444482
312243444492
312253555502
312253555542
312253555562
312253555572
312253555582
312253555592
312263666602
312263666642
312263666652
312263666672
312263666682
312263666692
312273777702
312273777742
312273777752
312273777762
312273777782
312273777792
312283888802
312283888842
312283888852
312283888862
312283888872
312283888892
312293999902
312293999942
312293999952
312293999962
312293999972
312293999982
314403000024
314403000054
314403000064
314403000074
314403000084
314403000094
314423222204
314423222254
314423222264
314423222274
314423222284
314423222294
314453555504
314453555524
314453555564
314453555574
314453555584
314453555594
314463666604
314463666624
314463666654
314463666674
314463666684
314463666694
314473777704
314473777724
314473777754
314473777764
314473777784
314473777794
314483888804
314483888824
314483888854
314483888864
314483888874
314483888894
314493999904
314493999924
314493999954
314493999964
314493999974
314493999984
315503000025
315503000045
315503000065
315503000075
315503000085
315503000095
315523222205
315523222245
315523222265
315523222275
315523222285
315523222295
315543444405
315543444425
315543444465
315543444475
315543444485
315543444495
315563666605
315563666625
315563666645
315563666675
315563666685
315563666695
315573777705
315573777725
315573777745
315573777765
315573777785
315573777795
315583888805
315583888825
315583888845
315583888865
315583888875
315583888895
315593999905
315593999925
315593999945
315593999965
315593999975
315593999985
316603000026
316603000046
316603000056
316603000076
316603000086
316603000096
316623222206
316623222246
316623222256
316623222276
316623222286
316623222296
316643444406
316643444426
316643444456
316643444476
316643444486
316643444496
316653555506
316653555526
316653555546
316653555576
316653555586
316653555596
316673777706
316673777726
316673777746
316673777756
316673777786
316673777796
316683888806
316683888826
316683888846
316683888856
316683888876
316683888896
316693999906
316693999926
316693999946
316693999956
316693999976
316693999986
317703000027
317703000047
317703000057
317703000067
317703000087
317703000097
317723222207
317723222247
317723222257
317723222267
317723222287
317723222297
317743444407
317743444427
317743444457
317743444467
317743444487
317743444497
317753555507
317753555527
317753555547
317753555567
317753555587
317753555597
317763666607
317763666627
317763666647
317763666657
317763666687
317763666697
317783888807
317783888827
317783888847
317783888857
317783888867
317783888897
317793999907
317793999927
317793999947
317793999957
317793999967
317793999987
318803000028
318803000048
318803000058
318803000068
318803000078
318803000098
318823222208
318823222248
318823222258
318823222268
318823222278
318823222298
318843444408
318843444428
318843444458
318843444468
318843444478
318843444498
318853555508
318853555528
318853555548
318853555568
318853555578
318853555598
318863666608
318863666628
318863666648
318863666658
318863666678
318863666698
318873777708
318873777728
318873777748
318873777758
318873777768
318873777798
318893999908
318893999928
318893999948
318893999958
318893999968
318893999978
319903000029
319903000049
319903000059
319903000069
319903000079
319903000089
319923222209
319923222249
319923222259
319923222269
319923222279
319923222289
319943444409
319943444429
319943444459
319943444469
319943444479
319943444489
319953555509
319953555529
319953555549
319953555569
319953555579
319953555589
319963666609
319963666629
319963666649
319963666659
319963666679
319963666689
319973777709
319973777729
319973777749
319973777759
319973777769
319973777789
319983888809
319983888829
319983888849
319983888859
319983888869
319983888879
320013111140
320013111150
320013111160
320013111170
320013111180
320013111190
320043444410
320043444450
320043444460
320043444470
320043444480
320043444490
320053555510
320053555540
320053555560
320053555570
320053555580
320053555590
320063666610
320063666640
320063666650
320063666670
320063666680
320063666690
320073777710
320073777740
320073777750
320073777760
320073777780
320073777790
320083888810
320083888840
320083888850
320083888860
320083888870
320083888890
320093999910
320093999940
320093999950
320093999960
320093999970
320093999980
321103000041
321103000051
321103000061
321103000071
321103000081
321103000091
321143444401
321143444451
321143444461
321143444471
321143444481
321143444491
321153555501
321153555541
321153555561
321153555571
321153555581
321153555591
321163666601
321163666641
321163666651
321163666671
321163666681
321163666691
321173777701
321173777741
321173777751
321173777761
321173777781
321173777791
321183888801
321183888841
321183888851
321183888861
321183888871
321183888891
321193999901
321193999941
321193999951
321193999961
321193999971
321193999981
324403000014
324403000054
324403000064
324403000074
324403000084
324403000094
324413111104
324413111154
324413111164
324413111174
324413111184
324413111194
324453555504
324453555514
324453555564
324453555574
324453555584
324453555594
324463666604
324463666614
324463666654
324463666674
324463666684
324463666694
324473777704
324473777714
324473777754
324473777764
324473777784
324473777794
324483888804
324483888814
324483888854
324483888864
324483888874
324483888894
324493999904
324493999914
324493999954
324493999964
324493999974
324493999984
325503000015
325503000045
325503000065
325503000075
325503000085
325503000095
325513111105
325513111145
325513111165
325513111175
325513111185
325513111195
325543444405
325543444415
325543444465
325543444475
325543444485
325543444495
325563666605
325563666615
325563666645
325563666675
325563666685
325563666695
325573777705
325573777715
325573777745
325573777765
325573777785
325573777795
325583888805
325583888815
325583888845
325583888865
325583888875
325583888895
325593999905
325593999915
325593999945
325593999965
325593999975
325593999985
326603000016
326603000046
326603000056
326603000076
326603000086
326603000096
326613111106
326613111146
326613111156
326613111176
326613111186
326613111196
326643444406
326643444416
326643444456
326643444476
326643444486
326643444496
326653555506
326653555516
326653555546
326653555576
326653555586
326653555596
326673777706
326673777716
326673777746
326673777756
326673777786
326673777796
326683888806
326683888816
326683888846
326683888856
326683888876
326683888896
326693999906
326693999916
326693999946
326693999956
326693999976
326693999986
327703000017
327703000047
327703000057
327703000067
327703000087
327703000097
327713111107
327713111147
327713111157
327713111167
327713111187
327713111197
327743444407
327743444417
327743444457
327743444467
327743444487
327743444497
327753555507
327753555517
327753555547
327753555567
327753555587
327753555597
327763666607
327763666617
327763666647
327763666657
327763666687
327763666697
327783888807
327783888817
327783888847
327783888857
327783888867
327783888897
327793999907
327793999917
327793999947
327793999957
327793999967
327793999987
328803000018
328803000048
328803000058
328803000068
328803000078
328803000098
328813111108
328813111148
328813111158
328813111168
328813111178
328813111198
328843444408
328843444418
328843444458
328843444468
328843444478
328843444498
328853555508
328853555518
328853555548
328853555568
328853555578
328853555598
328863666608
328863666618
328863666648
328863666658
328863666678
328863666698
328873777708
328873777718
328873777748
328873777758
328873777768
328873777798
328893999908
328893999918
328893999948
328893999958
328893999968
328893999978
329903000019
329903000049
329903000059
329903000069
329903000079
329903000089
329913111109
329913111149
329913111159
329913111169
329913111179
329913111189
329943444409
329943444419
329943444459
329943444469
329943444479
329943444489
329953555509
329953555519
329953555549
329953555569
329953555579
329953555589
329963666609
329963666619
329963666649
329963666659
329963666679
329963666689
329973777709
329973777719
329973777749
329973777759
329973777769
329973777789
329983888809
329983888819
329983888849
329983888859
329983888869
329983888879
340013111120
340013111150
340013111160
340013111170
340013111180
340013111190
340023222210
340023222250
340023222260
340023222270
340023222280
340023222290
340053555510
340053555520
340053555560
340053555570
340053555580
340053555590
340063666610
340063666620
340063666650
340063666670
340063666680
340063666690
340073777710
340073777720
340073777750
340073777760
340073777780
340073777790
340083888810
340083888820
340083888850
340083888860
340083888870
340083888890
340093999910
340093999920
340093999950
340093999960
340093999970
340093999980
341103000021
341103000051
341103000061
341103000071
341103000081
341103000091
341123222201
341123222251
341123222261
341123222271
341123222281
341123222291
341153555501
341153555521
341153555561
341153555571
341153555581
341153555591
341163666601
341163666621
341163666651
341163666671
341163666681
341163666691
341173777701
341173777721
341173777751
341173777761
341173777781
341173777791
341183888801
341183888821
341183888851
341183888861
341183888871
341183888891
341193999901
341193999921
341193999951
341193999961
341193999971
341193999981
342203000012
342203000052
342203000062
342203000072
342203000082
342203000092
342213111102
342213111152
342213111162
342213111172
342213111182
342213111192
342253555502
342253555512
342253555562
342253555572
342253555582
342253555592
342263666602
342263666612
342263666652
342263666672
342263666682
342263666692
342273777702
342273777712
342273777752
342273777762
342273777782
342273777792
342283888802
342283888812
342283888852
342283888862
342283888872
342283888892
342293999902
342293999912
342293999952
342293999962
342293999972
342293999982
345503000015
345503000025
345503000065
345503000075
345503000085
345503000095
345513111105
345513111125
345513111165
345513111175
345513111185
345513111195
345523222205
345523222215
345523222265
345523222275
345523222285
345523222295
345563666605
345563666615
345563666625
345563666675
345563666685
345563666695
345573777705
345573777715
345573777725
345573777765
345573777785
345573777795
345583888805
345583888815
345583888825
345583888865
345583888875
345583888895
345593999905
345593999915
345593999925
345593999965
345593999975
345593999985
346603000016
346603000026
346603000056
346603000076
346603000086
346603000096
346613111106
346613111126
346613111156
346613111176
346613111186
346613111196
346623222206
346623222216
346623222256
346623222276
346623222286
346623222296
346653555506
346653555516
346653555526
346653555576
346653555586
346653555596
346673777706
346673777716
346673777726
346673777756
346673777786
346673777796
346683888806
346683888816
346683888826
346683888856
346683888876
346683888896
346693999906
346693999916
346693999926
346693999956
346693999976
346693999986
347703000017
347703000027
347703000057
347703000067
347703000087
347703000097
347713111107
347713111127
347713111157
347713111167
347713111187
347713111197
347723222207
347723222217
347723222257
347723222267
347723222287
347723222297
347753555507
347753555517
347753555527
347753555567
347753555587
347753555597
347763666607
347763666617
347763666627
347763666657
347763666687
347763666697
347783888807
347783888817
347783888827
347783888857
347783888867
347783888897
347793999907
347793999917
347793999927
347793999957
347793999967
347793999987
348803000018
348803000028
348803000058
348803000068
348803000078
348803000098
348813111108
348813111128
348813111158
348813111168
348813111178
348813111198
348823222208
348823222218
348823222258
348823222268
348823222278
348823222298
348853555508
348853555518
348853555528
348853555568
348853555578
348853555598
348863666608
348863666618
348863666628
348863666658
348863666678
348863666698
348873777708
348873777718
348873777728
348873777758
348873777768
348873777798
348893999908
348893999918
348893999928
348893999958
348893999968
348893999978
349903000019
349903000029
349903000059
349903000069
349903000079
349903000089
349913111109
349913111129
349913111159
349913111169
349913111179
349913111189
349923222209
349923222219
349923222259
349923222269
349923222279
349923222289
349953555509
349953555519
349953555529
349953555569
349953555579
349953555589
349963666609
349963666619
349963666629
349963666659
349963666679
349963666689
349973777709
349973777719
349973777729
349973777759
349973777769
349973777789
349983888809
349983888819
349983888829
349983888859
349983888869
349983888879
350013111120
350013111140
350013111160
350013111170
350013111180
350013111190
350023222210
350023222240
350023222260
350023222270
350023222280
350023222290
350043444410
350043444420
350043444460
350043444470
350043444480
350043444490
350063666610
350063666620
350063666640
350063666670
350063666680
350063666690
350073777710
350073777720
350073777740
350073777760
350073777780
350073777790
350083888810
350083888820
350083888840
350083888860
350083888870
350083888890
350093999910
350093999920
350093999940
350093999960
350093999970
350093999980
351103000021
351103000041
351103000061
351103000071
351103000081
351103000091
351123222201
351123222241
351123222261
351123222271
351123222281
351123222291
351143444401
351143444421
351143444461
351143444471
351143444481
351143444491
351163666601
351163666621
351163666641
351163666671
351163666681
351163666691
351173777701
351173777721
351173777741
351173777761
351173777781
351173777791
351183888801
351183888821
351183888841
351183888861
351183888871
351183888891
351193999901
351193999921
351193999941
351193999961
351193999971
351193999981
352203000012
352203000042
352203000062
352203000072
352203000082
352203000092
352213111102
352213111142
352213111162
352213111172
352213111182
352213111192
352243444402
352243444412
352243444462
352243444472
352243444482
352243444492
352263666602
352263666612
352263666642
352263666672
352263666682
352263666692
352273777702
352273777712
352273777742
352273777762
352273777782
352273777792
352283888802
352283888812
352283888842
352283888862
352283888872
352283888892
352293999902
352293999912
352293999942
352293999962
352293999972
352293999982
354403000014
354403000024
354403000064
354403000074
354403000084
354403000094
354413111104
354413111124
354413111164
354413111174
354413111184
354413111194
354423222204
354423222214
354423222264
354423222274
354423222284
354423222294
354463666604
354463666614
354463666624
354463666674
354463666684
354463666694
354473777704
354473777714
354473777724
354473777764
354473777784
354473777794
354483888804
354483888814
354483888824
354483888864
354483888874
354483888894
354493999904
354493999914
354493999924
354493999964
354493999974
354493999984
356603000016
356603000026
356603000046
356603000076
356603000086
356603000096
356613111106
356613111126
356613111146
356613111176
356613111186
356613111196
356623222206
356623222216
356623222246
356623222276
356623222286
356623222296
356643444406
356643444416
356643444426
356643444476
356643444486
356643444496
356673777706
356673777716
356673777726
356673777746
356673777786
356673777796
356683888806
356683888816
356683888826
356683888846
356683888876
356683888896
356693999906
356693999916
356693999926
356693999946
356693999976
356693999986
357703000017
357703000027
357703000047
357703000067
357703000087
357703000097
357713111107
357713111127
357713111147
357713111167
357713111187
357713111197
357723222207
357723222217
357723222247
357723222267
357723222287
357723222297
357743444407
357743444417
357743444427
357743444467
357743444487
357743444497
357763666607
357763666617
357763666627
357763666647
357763666687
357763666697
357783888807
357783888817
357783888827
357783888847
357783888867
357783888897
357793999907
357793999917
357793999927
357793999947
357793999967
357793999987
358803000018
358803000028
358803000048
358803000068
358803000078
358803000098
358813111108
358813111128
358813111148
358813111168
358813111178
358813111198
358823222208
358823222218
358823222248
358823222268
358823222278
358823222298
358843444408
358843444418
358843444428
358843444468
358843444478
358843444498
358863666608
358863666618
358863666628
358863666648
358863666678
358863666698
358873777708
358873777718
358873777728
358873777748
358873777768
358873777798
358893999908
358893999918
358893999928
358893999948
358893999968
358893999978
359903000019
359903000029
359903000049
359903000069
359903000079
359903000089
359913111109
359913111129
359913111149
359913111169
359913111179
359913111189
359923222209
359923222219
359923222249
359923222269
359923222279
359923222289
359943444409
359943444419
359943444429
359943444469
359943444479
359943444489
359963666609
359963666619
359963666629
359963666649
359963666679
359963666689
359973777709
359973777719
359973777729
359973777749
359973777769
359973777789
359983888809
359983888819
359983888829
359983888849
359983888869
359983888879
360013111120
360013111140
360013111150
360013111170
360013111180
360013111190
360023222210
360023222240
360023222250
360023222270
360023222280
360023222290
360043444410
360043444420
360043444450
360043444470
360043444480
360043444490
360053555510
360053555520
360053555540
360053555570
360053555580
360053555590
360073777710
360073777720
360073777740
360073777750
360073777780
360073777790
360083888810
360083888820
360083888840
360083888850
360083888870
360083888890
360093999910
360093999920
360093999940
360093999950
360093999970
360093999980
361103000021
361103000041
361103000051
361103000071
361103000081
361103000091
361123222201
361123222241
361123222251
361123222271
361123222281
361123222291
361143444401
361143444421
361143444451
361143444471
361143444481
361143444491
361153555501
361153555521
361153555541
361153555571
361153555581
361153555591
361173777701
361173777721
361173777741
361173777751
361173777781
361173777791
361183888801
361183888821
361183888841
361183888851
361183888871
361183888891
361193999901
361193999921
361193999941
361193999951
361193999971
361193999981
362203000012
362203000042
362203000052
362203000072
362203000082
362203000092
362213111102
362213111142
362213111152
362213111172
362213111182
362213111192
362243444402
362243444412
362243444452
362243444472
362243444482
362243444492
362253555502
362253555512
362253555542
362253555572
362253555582
362253555592
362273777702
362273777712
362273777742
362273777752
362273777782
362273777792
362283888802
362283888812
362283888842
362283888852
362283888872
362283888892
362293999902
362293999912
362293999942
362293999952
362293999972
362293999982
364403000014
364403000024
364403000054
364403000074
364403000084
364403000094
364413111104
364413111124
364413111154
364413111174
364413111184
364413111194
364423222204
364423222214
364423222254
364423222274
364423222284
364423222294
364453555504
364453555514
364453555524
364453555574
364453555584
364453555594
364473777704
364473777714
364473777724
364473777754
364473777784
364473777794
364483888804
364483888814
364483888824
364483888854
364483888874
364483888894
364493999904
364493999914
364493999924
364493999954
364493999974
364493999984
365503000015
365503000025
365503000045
365503000075
365503000085
365503000095
365513111105
365513111125
365513111145
365513111175
365513111185
365513111195
365523222205
365523222215
365523222245
365523222275
365523222285
365523222295
365543444405
365543444415
365543444425
365543444475
365543444485
365543444495
365573777705
365573777715
365573777725
365573777745
365573777785
365573777795
365583888805
365583888815
365583888825
365583888845
365583888875
365583888895
365593999905
365593999915
365593999925
365593999945
365593999975
365593999985
367703000017
367703000027
367703000047
367703000057
367703000087
367703000097
367713111107
367713111127
367713111147
367713111157
367713111187
367713111197
367723222207
367723222217
367723222247
367723222257
367723222287
367723222297
367743444407
367743444417
367743444427
367743444457
367743444487
367743444497
367753555507
367753555517
367753555527
367753555547
367753555587
367753555597
367783888807
367783888817
367783888827
367783888847
367783888857
367783888897
367793999907
367793999917
367793999927
367793999947
367793999957
367793999987
368803000018
368803000028
368803000048
368803000058
368803000078
368803000098
368813111108
368813111128
368813111148
368813111158
368813111178
368813111198
368823222208
368823222218
368823222248
368823222258
368823222278
368823222298
368843444408
368843444418
368843444428
368843444458
368843444478
368843444498
368853555508
368853555518
368853555528
368853555548
368853555578
368853555598
368873777708
368873777718
368873777728
368873777748
368873777758
368873777798
368893999908
368893999918
368893999928
368893999948
368893999958
368893999978
369903000019
369903000029
369903000049
369903000059
369903000079
369903000089
369913111109
369913111129
369913111149
369913111159
369913111179
369913111189
369923222209
369923222219
369923222249
369923222259
369923222279
369923222289
369943444409
369943444419
369943444429
369943444459
369943444479
369943444489
369953555509
369953555519
369953555529
369953555549
369953555579
369953555589
369973777709
369973777719
369973777729
369973777749
369973777759
369973777789
369983888809
369983888819
369983888829
369983888849
369983888859
369983888879
370013111120
370013111140
370013111150
370013111160
370013111180
370013111190
370023222210
370023222240
370023222250
370023222260
370023222280
370023222290
370043444410
370043444420
370043444450
370043444460
370043444480
370043444490
370053555510
370053555520
370053555540
370053555560
370053555580
370053555590
370063666610
370063666620
370063666640
370063666650
370063666680
370063666690
370083888810
370083888820
370083888840
370083888850
370083888860
370083888890
370093999910
370093999920
370093999940
370093999950
370093999960
370093999980
371103000021
371103000041
371103000051
371103000061
371103000081
371103000091
371123222201
371123222241
371123222251
371123222261
371123222281
371123222291
371143444401
371143444421
371143444451
371143444461
371143444481
371143444491
371153555501
371153555521
371153555541
371153555561
371153555581
371153555591
371163666601
371163666621
371163666641
371163666651
371163666681
371163666691
371183888801
371183888821
371183888841
371183888851
371183888861
371183888891
371193999901
371193999921
371193999941
371193999951
371193999961
371193999981
372203000012
372203000042
372203000052
372203000062
372203000082
372203000092
372213111102
372213111142
372213111152
372213111162
372213111182
372213111192
372243444402
372243444412
372243444452
372243444462
372243444482
372243444492
372253555502
372253555512
372253555542
372253555562
372253555582
372253555592
372263666602
372263666612
372263666642
372263666652
372263666682
372263666692
372283888802
372283888812
372283888842
372283888852
372283888862
372283888892
372293999902
372293999912
372293999942
372293999952
372293999962
372293999982
374403000014
374403000024
374403000054
374403000064
374403000084
374403000094
374413111104
374413111124
374413111154
374413111164
374413111184
374413111194
374423222204
374423222214
374423222254
374423222264
374423222284
374423222294
374453555504
374453555514
374453555524
374453555564
374453555584
374453555594
374463666604
374463666614
374463666624
374463666654
374463666684
374463666694
374483888804
374483888814
374483888824
374483888854
374483888864
374483888894
374493999904
374493999914
374493999924
374493999954
374493999964
374493999984
375503000015
375503000025
375503000045
375503000065
375503000085
375503000095
375513111105
375513111125
375513111145
375513111165
375513111185
375513111195
375523222205
375523222215
375523222245
375523222265
375523222285
375523222295
375543444405
375543444415
375543444425
375543444465
375543444485
375543444495
375563666605
375563666615
375563666625
375563666645
375563666685
375563666695
375583888805
375583888815
375583888825
375583888845
375583888865
375583888895
375593999905
375593999915
375593999925
375593999945
375593999965
375593999985
376603000016
376603000026
376603000046
376603000056
376603000086
376603000096
376613111106
376613111126
376613111146
376613111156
376613111186
376613111196
376623222206
376623222216
376623222246
376623222256
376623222286
376623222296
376643444406
376643444416
376643444426
376643444456
376643444486
376643444496
376653555506
376653555516
376653555526
376653555546
376653555586
376653555596
376683888806
376683888816
376683888826
376683888846
376683888856
376683888896
376693999906
376693999916
376693999926
376693999946
376693999956
376693999986
378803000018
378803000028
378803000048
378803000058
378803000068
378803000098
378813111108
378813111128
378813111148
378813111158
378813111168
378813111198
378823222208
378823222218
378823222248
378823222258
378823222268
378823222298
378843444408
378843444418
378843444428
378843444458
378843444468
378843444498
378853555508
378853555518
378853555528
378853555548
378853555568
378853555598
378863666608
378863666618
378863666628
378863666648
378863666658
378863666698
378893999908
378893999918
378893999928
378893999948
378893999958
378893999968
379903000019
379903000029
379903000049
379903000059
379903000069
379903000089
379913111109
379913111129
379913111149
379913111159
379913111169
379913111189
379923222209
379923222219
379923222249
379923222259
379923222269
379923222289
379943444409
379943444419
379943444429
379943444459
379943444469
379943444489
379953555509
379953555519
379953555529
379953555549
379953555569
379953555589
379963666609
379963666619
379963666629
379963666649
379963666659
379963666689
379983888809
379983888819
379983888829
379983888849
379983888859
379983888869
380013111120
380013111140
380013111150
380013111160
380013111170
380013111190
380023222210
380023222240
380023222250
380023222260
380023222270
380023222290
380043444410
380043444420
380043444450
380043444460
380043444470
380043444490
380053555510
380053555520
380053555540
380053555560
380053555570
380053555590
380063666610
380063666620
380063666640
380063666650
380063666670
380063666690
380073777710
380073777720
380073777740
380073777750
380073777760
380073777790
380093999910
380093999920
380093999940
380093999950
380093999960
380093999970
381103000021
381103000041
381103000051
381103000061
381103000071
381103000091
381123222201
381123222241
381123222251
381123222261
381123222271
381123222291
381143444401
381143444421
381143444451
381143444461
381143444471
381143444491
381153555501
381153555521
381153555541
381153555561
381153555571
381153555591
381163666601
381163666621
381163666641
381163666651
381163666671
381163666691
381173777701
381173777721
381173777741
381173777751
381173777761
381173777791
381193999901
381193999921
381193999941
381193999951
381193999961
381193999971
382203000012
382203000042
382203000052
382203000062
382203000072
382203000092
382213111102
382213111142
382213111152
382213111162
382213111172
382213111192
382243444402
382243444412
382243444452
382243444462
382243444472
382243444492
382253555502
382253555512
382253555542
382253555562
382253555572
382253555592
382263666602
382263666612
382263666642
382263666652
382263666672
382263666692
382273777702
382273777712
382273777742
382273777752
382273777762
382273777792
382293999902
382293999912
382293999942
382293999952
382293999962
382293999972
384403000014
384403000024
384403000054
384403000064
384403000074
384403000094
384413111104
384413111124
384413111154
384413111164
384413111174
384413111194
384423222204
384423222214
384423222254
384423222264
384423222274
384423222294
384453555504
384453555514
384453555524
384453555564
384453555574
384453555594
384463666604
384463666614
384463666624
384463666654
384463666674
384463666694
384473777704
384473777714
384473777724
384473777754
384473777764
384473777794
384493999904
384493999914
384493999924
384493999954
384493999964
384493999974
385503000015
385503000025
385503000045
385503000065
385503000075
385503000095
385513111105
385513111125
385513111145
385513111165
385513111175
385513111195
385523222205
385523222215
385523222245
385523222265
385523222275
385523222295
385543444405
385543444415
385543444425
385543444465
385543444475
385543444495
385563666605
385563666615
385563666625
385563666645
385563666675
385563666695
385573777705
385573777715
385573777725
385573777745
385573777765
385573777795
385593999905
385593999915
385593999925
385593999945
385593999965
385593999975
386603000016
386603000026
386603000046
386603000056
386603000076
386603000096
386613111106
386613111126
386613111146
386613111156
386613111176
386613111196
386623222206
386623222216
386623222246
386623222256
386623222276
386623222296
386643444406
386643444416
386643444426
386643444456
386643444476
386643444496
386653555506
386653555516
386653555526
386653555546
386653555576
386653555596
386673777706
386673777716
386673777726
386673777746
386673777756
386673777796
386693999906
386693999916
386693999926
386693999946
386693999956
386693999976
387703000017
387703000027
387703000047
387703000057
387703000067
387703000097
387713111107
387713111127
387713111147
387713111157
387713111167
387713111197
387723222207
387723222217
387723222247
387723222257
387723222267
387723222297
387743444407
387743444417
387743444427
387743444457
387743444467
387743444497
387753555507
387753555517
387753555527
387753555547
387753555567
387753555597
387763666607
387763666617
387763666627
387763666647
387763666657
387763666697
387793999907
387793999917
387793999927
387793999947
387793999957
387793999967
389903000019
389903000029
389903000049
389903000059
389903000069
389903000079
389913111109
389913111129
389913111149
389913111159
389913111169
389913111179
389923222209
389923222219
389923222249
389923222259
389923222269
389923222279
389943444409
389943444419
389943444429
389943444459
389943444469
389943444479
389953555509
389953555519
389953555529
389953555549
389953555569
389953555579
389963666609
389963666619
389963666629
389963666649
389963666659
389963666679
389973777709
389973777719
389973777729
389973777749
389973777759
389973777769
390013111120
390013111140
390013111150
390013111160
390013111170
390013111180
390023222210
390023222240
390023222250
390023222260
390023222270
390023222280
390043444410
390043444420
390043444450
390043444460
390043444470
390043444480
390053555510
390053555520
390053555540
390053555560
390053555570
390053555580
390063666610
390063666620
390063666640
390063666650
390063666670
390063666680
390073777710
390073777720
390073777740
390073777750
390073777760
390073777780
390083888810
390083888820
390083888840
390083888850
390083888860
390083888870
391103000021
391103000041
391103000051
391103000061
391103000071
391103000081
391123222201
391123222241
391123222251
391123222261
391123222271
391123222281
391143444401
391143444421
391143444451
391143444461
391143444471
391143444481
391153555501
391153555521
391153555541
391153555561
391153555571
391153555581
391163666601
391163666621
391163666641
391163666651
391163666671
391163666681
391173777701
391173777721
391173777741
391173777751
391173777761
391173777781
391183888801
391183888821
391183888841
391183888851
391183888861
391183888871
392203000012
392203000042
392203000052
392203000062
392203000072
392203000082
392213111102
392213111142
392213111152
392213111162
392213111172
392213111182
392243444402
392243444412
392243444452
392243444462
392243444472
392243444482
392253555502
392253555512
392253555542
392253555562
392253555572
392253555582
392263666602
392263666612
392263666642
392263666652
392263666672
392263666682
392273777702
392273777712
392273777742
392273777752
392273777762
392273777782
392283888802
392283888812
392283888842
392283888852
392283888862
392283888872
394403000014
394403000024
394403000054
394403000064
394403000074
394403000084
394413111104
394413111124
394413111154
394413111164
394413111174
394413111184
394423222204
394423222214
394423222254
394423222264
394423222274
394423222284
394453555504
394453555514
394453555524
394453555564
394453555574
394453555584
394463666604
394463666614
394463666624
394463666654
394463666674
394463666684
394473777704
394473777714
394473777724
394473777754
394473777764
394473777784
394483888804
394483888814
394483888824
394483888854
394483888864
394483888874
395503000015
395503000025
395503000045
395503000065
395503000075
395503000085
395513111105
395513111125
395513111145
395513111165
395513111175
395513111185
395523222205
395523222215
395523222245
395523222265
395523222275
395523222285
395543444405
395543444415
395543444425
395543444465
395543444475
395543444485
395563666605
395563666615
395563666625
395563666645
395563666675
395563666685
395573777705
395573777715
395573777725
395573777745
395573777765
395573777785
395583888805
395583888815
395583888825
395583888845
395583888865
395583888875
396603000016
396603000026
396603000046
396603000056
396603000076
396603000086
396613111106
396613111126
396613111146
396613111156
396613111176
396613111186
396623222206
396623222216
396623222246
396623222256
396623222276
396623222286
396643444406
396643444416
396643444426
396643444456
396643444476
396643444486
396653555506
396653555516
396653555526
396653555546
396653555576
396653555586
396673777706
396673777716
396673777726
396673777746
396673777756
396673777786
396683888806
396683888816
396683888826
396683888846
396683888856
396683888876
397703000017
397703000027
397703000047
397703000057
397703000067
397703000087
397713111107
397713111127
397713111147
397713111157
397713111167
397713111187
397723222207
397723222217
397723222247
397723222257
397723222267
397723222287
397743444407
397743444417
397743444427
397743444457
397743444467
397743444487
397753555507
397753555517
397753555527
397753555547
397753555567
397753555587
397763666607
397763666617
397763666627
397763666647
397763666657
397763666687
397783888807
397783888817
397783888827
397783888847
397783888857
397783888867
398803000018
398803000028
398803000048
398803000058
398803000068
398803000078
398813111108
398813111128
398813111148
398813111158
398813111168
398813111178
398823222208
398823222218
398823222248
398823222258
398823222268
398823222278
398843444408
398843444418
398843444428
398843444458
398843444468
398843444478
398853555508
398853555518
398853555528
398853555548
398853555568
398853555578
398863666608
398863666618
398863666628
398863666648
398863666658
398863666678
398873777708
398873777718
398873777728
398873777748
398873777758
398873777768
401124222231
401124222251
401124222261
401124222271
401124222281
401124222291
401134333321
401134333351
401134333361
401134333371
401134333381
401134333391
401154555521
401154555531
401154555561
401154555571
401154555581
401154555591
401164666621
401164666631
401164666651
401164666671
401164666681
401164666691
401174777721
401174777731
401174777751
401174777761
401174777781
401174777791
401184888821
401184888831
401184888851
401184888861
401184888871
401184888891
401194999921
401194999931
401194999951
401194999961
401194999971
401194999981
402214111132
402214111152
402214111162
402214111172
402214111182
402214111192
402234333312
402234333352
402234333362
402234333372
402234333382
402234333392
402254555512
402254555532
402254555562
402254555572
402254555582
402254555592
402264666612
402264666632
402264666652
402264666672
402264666682
402264666692
402274777712
402274777732
402274777752
402274777762
402274777782
402274777792
402284888812
402284888832
402284888852
402284888862
402284888872
402284888892
402294999912
402294999932
402294999952
402294999962
402294999972
402294999982
403314111123
403314111153
403314111163
403314111173
403314111183
403314111193
403324222213
403324222253
403324222263
403324222273
403324222283
403324222293
403354555513
403354555523
403354555563
403354555573
403354555583
403354555593
403364666613
403364666623
403364666653
403364666673
403364666683
403364666693
403374777713
403374777723
403374777753
403374777763
403374777783
403374777793
403384888813
403384888823
403384888853
403384888863
403384888873
403384888893
403394999913
403394999923
403394999953
403394999963
403394999973
403394999983
405514111125
405514111135
405514111165
405514111175
405514111185
405514111195
405524222215
405524222235
405524222265
405524222275
405524222285
405524222295
405534333315
405534333325
405534333365
405534333375
405534333385
405534333395
405564666615
405564666625
405564666635
405564666675
405564666685
405564666695
405574777715
405574777725
405574777735
405574777765
405574777785
405574777795
405584888815
405584888825
405584888835
405584888865
405584888875
405584888895
405594999915
405594999925
405594999935
405594999965
405594999975
405594999985
406614111126
406614111136
406614111156
406614111176
406614111186
406614111196
406624222216
406624222236
406624222256
406624222276
406624222286
406624222296
406634333316
406634333326
406634333356
406634333376
406634333386
406634333396
406654555516
406654555526
406654555536
406654555576
406654555586
406654555596
406674777716
406674777726
406674777736
406674777756
406674777786
406674777796
406684888816
406684888826
406684888836
406684888856
406684888876
406684888896
406694999916
406694999926
406694999936
406694999956
406694999976
406694999986
407714111127
407714111137
407714111157
407714111167
407714111187
407714111197
407724222217
407724222237
407724222257
407724222267
407724222287
407724222297
407734333317
407734333327
407734333357
407734333367
407734333387
407734333397
407754555517
407754555527
407754555537
407754555567
407754555587
407754555597
407764666617
407764666627
407764666637
407764666657
407764666687
407764666697
407784888817
407784888827
407784888837
407784888857
407784888867
407784888897
407794999917
407794999927
407794999937
407794999957
407794999967
407794999987
408814111128
408814111138
408814111158
408814111168
408814111178
408814111198
408824222218
408824222238
408824222258
408824222268
408824222278
408824222298
408834333318
408834333328
408834333358
408834333368
408834333378
408834333398
408854555518
408854555528
408854555538
408854555568
408854555578
408854555598
408864666618
408864666628
408864666638
408864666658
408864666678
408864666698
408874777718
408874777728
408874777738
408874777758
408874777768
408874777798
408894999918
408894999928
408894999938
408894999958
408894999968
408894999978
409914111129
409914111139
409914111159
409914111169
409914111179
409914111189
409924222219
409924222239
409924222259
409924222269
409924222279
409924222289
409934333319
409934333329
409934333359
409934333369
409934333379
409934333389
409954555519
409954555529
409954555539
409954555569
409954555579
409954555589
409964666619
409964666629
409964666639
409964666659
409964666679
409964666689
409974777719
409974777729
409974777739
409974777759
409974777769
409974777789
409984888819
409984888829
409984888839
409984888859
409984888869
409984888879
410024222230
410024222250
410024222260
410024222270
410024222280
410024222290
410034333320
410034333350
410034333360
410034333370
410034333380
410034333390
410054555520
410054555530
410054555560
410054555570
410054555580
410054555590
410064666620
410064666630
410064666650
410064666670
410064666680
410064666690
410074777720
410074777730
410074777750
410074777760
410074777780
410074777790
410084888820
410084888830
410084888850
410084888860
410084888870
410084888890
410094999920
410094999930
410094999950
410094999960
410094999970
410094999980
412204000032
412204000052
412204000062
412204000072
412204000082
412204000092
412234333302
412234333352
412234333362
412234333372
412234333382
412234333392
412254555502
412254555532
412254555562
412254555572
412254555582
412254555592
412264666602
412264666632
412264666652
412264666672
412264666682
412264666692
412274777702
412274777732
412274777752
412274777762
412274777782
412274777792
412284888802
412284888832
412284888852
412284888862
412284888872
412284888892
412294999902
412294999932
412294999952
412294999962
412294999972
412294999982
413304000023
413304000053
413304000063
413304000073
413304000083
413304000093
413324222203
413324222253
413324222263
413324222273
413324222283
413324222293
413354555503
413354555523
413354555563
413354555573
413354555583
413354555593
413364666603
413364666623
413364666653
413364666673
413364666683
413364666693
413374777703
413374777723
413374777753
413374777763
413374777783
413374777793
413384888803
413384888823
413384888853
413384888863
413384888873
413384888893
413394999903
413394999923
413394999953
413394999963
413394999973
413394999983
415504000025
415504000035
415504000065
415504000075
415504000085
415504000095
415524222205
415524222235
415524222265
415524222275
415524222285
415524222295
415534333305
415534333325
415534333365
415534333375
415534333385
415534333395
415564666605
415564666625
415564666635
415564666675
415564666685
415564666695
415574777705
415574777725
415574777735
415574777765
415574777785
415574777795
415584888805
415584888825
415584888835
415584888865
415584888875
415584888895
415594999905
415594999925
415594999935
415594999965
415594999975
415594999985
416604000026
416604000036
416604000056
416604000076
416604000086
416604000096
416624222206
416624222236
416624222256
416624222276
416624222286
416624222296
416634333306
416634333326
416634333356
416634333376
416634333386
416634333396
416654555506
416654555526
416654555536
416654555576
416654555586
416654555596
416674777706
416674777726
416674777736
416674777756
416674777786
416674777796
416684888806
416684888826
416684888836
416684888856
416684888876
416684888896
416694999906
416694999926
416694999936
416694999956
416694999976
416694999986
417704000027
417704000037
417704000057
417704000067
417704000087
417704000097
417724222207
417724222237
417724222257
417724222267
417724222287
417724222297
417734333307
417734333327
417734333357
417734333367
417734333387
417734333397
417754555507
417754555527
417754555537
417754555567
417754555587
417754555597
417764666607
417764666627
417764666637
417764666657
417764666687
417764666697
417784888807
417784888827
417784888837
417784888857
417784888867
417784888897
417794999907
417794999927
417794999937
417794999957
417794999967
417794999987
418804000028
418804000038
418804000058
418804000068
418804000078
418804000098
418824222208
418824222238
418824222258
418824222268
418824222278
418824222298
418834333308
418834333328
418834333358
418834333368
418834333378
418834333398
418854555508
418854555528
418854555538
418854555568
418854555578
418854555598
418864666608
418864666628
418864666638
418864666658
418864666678
418864666698
418874777708
418874777728
418874777738
418874777758
418874777768
418874777798
418894999908
418894999928
418894999938
418894999958
418894999968
418894999978
419904000029
419904000039
419904000059
419904000069
419904000079
419904000089
419924222209
419924222239
419924222259
419924222269
419924222279
419924222289
419934333309
419934333329
419934333359
419934333369
419934333379
419934333389
419954555509
419954555529
419954555539
419954555569
419954555579
419954555589
419964666609
419964666629
419964666639
419964666659
419964666679
419964666689
419974777709
419974777729
419974777739
419974777759
419974777769
419974777789
419984888809
419984888829
419984888839
419984888859
419984888869
419984888879
420014111130
420014111150
420014111160
420014111170
420014111180
420014111190
420034333310
420034333350
420034333360
420034333370
420034333380
420034333390
420054555510
420054555530
420054555560
420054555570
420054555580
420054555590
420064666610
420064666630
420064666650
420064666670
420064666680
420064666690
420074777710
420074777730
420074777750
420074777760
420074777780
420074777790
420084888810
420084888830
420084888850
420084888860
420084888870
420084888890
420094999910
420094999930
420094999950
420094999960
420094999970
420094999980
421104000031
421104000051
421104000061
421104000071
421104000081
421104000091
421134333301
421134333351
421134333361
421134333371
421134333381
421134333391
421154555501
421154555531
421154555561
421154555571
421154555581
421154555591
421164666601
421164666631
421164666651
421164666671
421164666681
421164666691
421174777701
421174777731
421174777751
421174777761
421174777781
421174777791
421184888801
421184888831
421184888851
421184888861
421184888871
421184888891
421194999901
421194999931
421194999951
421194999961
421194999971
421194999981
423304000013
423304000053
423304000063
423304000073
423304000083
423304000093
423314111103
423314111153
423314111163
423314111173
423314111183
423314111193
423354555503
423354555513
423354555563
423354555573
423354555583
423354555593
423364666603
423364666613
423364666653
423364666673
423364666683
423364666693
423374777703
423374777713
423374777753
423374777763
423374777783
423374777793
423384888803
423384888813
423384888853
423384888863
423384888873
423384888893
423394999903
423394999913
423394999953
423394999963
423394999973
423394999983
425504000015
425504000035
425504000065
425504000075
425504000085
425504000095
425514111105
425514111135
425514111165
425514111175
425514111185
425514111195
425534333305
425534333315
425534333365
425534333375
425534333385
425534333395
425564666605
425564666615
425564666635
425564666675
425564666685
425564666695
425574777705
425574777715
425574777735
425574777765
425574777785
425574777795
425584888805
425584888815
425584888835
425584888865
425584888875
425584888895
425594999905
425594999915
425594999935
425594999965
425594999975
425594999985
426604000016
426604000036
426604000056
426604000076
426604000086
426604000096
426614111106
426614111136
426614111156
426614111176
426614111186
426614111196
426634333306
426634333316
426634333356
426634333376
426634333386
426634333396
426654555506
426654555516
426654555536
426654555576
426654555586
426654555596
426674777706
426674777716
426674777736
426674777756
426674777786
426674777796
426684888806
426684888816
426684888836
426684888856
426684888876
426684888896
426694999906
426694999916
426694999936
426694999956
426694999976
426694999986
427704000017
427704000037
427704000057
427704000067
427704000087
427704000097
427714111107
427714111137
427714111157
427714111167
427714111187
427714111197
427734333307
427734333317
427734333357
427734333367
427734333387
427734333397
427754555507
427754555517
427754555537
427754555567
427754555587
427754555597
427764666607
427764666617
427764666637
427764666657
427764666687
427764666697
427784888807
427784888817
427784888837
427784888857
427784888867
427784888897
427794999907
427794999917
427794999937
427794999957
427794999967
427794999987
428804000018
428804000038
428804000058
428804000068
428804000078
428804000098
428814111108
428814111138
428814111158
428814111168
428814111178
428814111198
428834333308
428834333318
428834333358
428834333368
428834333378
428834333398
428854555508
428854555518
428854555538
428854555568
428854555578
428854555598
428864666608
428864666618
428864666638
428864666658
428864666678
428864666698
428874777708
428874777718
428874777738
428874777758
428874777768
428874777798
428894999908
428894999918
428894999938
428894999958
428894999968
428894999978
429904000019
429904000039
429904000059
429904000069
429904000079
429904000089
429914111109
429914111139
429914111159
429914111169
429914111179
429914111189
429934333309
429934333319
429934333359
429934333369
429934333379
429934333389
429954555509
429954555519
429954555539
429954555569
429954555579
429954555589
429964666609
429964666619
429964666639
429964666659
429964666679
429964666689
429974777709
429974777719
429974777739
429974777759
429974777769
429974777789
429984888809
429984888819
429984888839
429984888859
429984888869
429984888879
430014111120
430014111150
430014111160
430014111170
430014111180
430014111190
430024222210
430024222250
430024222260
430024222270
430024222280
430024222290
430054555510
430054555520
430054555560
430054555570
430054555580
430054555590
430064666610
430064666620
430064666650
430064666670
430064666680
430064666690
430074777710
430074777720
430074777750
430074777760
430074777780
430074777790
430084888810
430084888820
430084888850
430084888860
430084888870
430084888890
430094999910
430094999920
430094999950
430094999960
430094999970
430094999980
431104000021
431104000051
431104000061
431104000071
431104000081
431104000091
431124222201
431124222251
431124222261
431124222271
431124222281
431124222291
431154555501
431154555521
431154555561
431154555571
431154555581
431154555591
431164666601
431164666621
431164666651
431164666671
431164666681
431164666691
431174777701
431174777721
431174777751
431174777761
431174777781
431174777791
431184888801
431184888821
431184888851
431184888861
431184888871
431184888891
431194999901
431194999921
431194999951
431194999961
431194999971
431194999981
432204000012
432204000052
432204000062
432204000072
432204000082
432204000092
432214111102
432214111152
432214111162
432214111172
432214111182
432214111192
432254555502
432254555512
432254555562
432254555572
432254555582
432254555592
432264666602
432264666612
432264666652
432264666672
432264666682
432264666692
432274777702
432274777712
432274777752
432274777762
432274777782
432274777792
432284888802
432284888812
432284888852
432284888862
432284888872
432284888892
432294999902
432294999912
432294999952
432294999962
432294999972
432294999982
435504000015
435504000025
435504000065
435504000075
435504000085
435504000095
435514111105
435514111125
435514111165
435514111175
435514111185
435514111195
435524222205
435524222215
435524222265
435524222275
435524222285
435524222295
435564666605
435564666615
435564666625
435564666675
435564666685
435564666695
435574777705
435574777715
435574777725
435574777765
435574777785
435574777795
435584888805
435584888815
435584888825
435584888865
435584888875
435584888895
435594999905
435594999915
435594999925
435594999965
435594999975
435594999985
436604000016
436604000026
436604000056
436604000076
436604000086
436604000096
436614111106
436614111126
436614111156
436614111176
436614111186
436614111196
436624222206
436624222216
436624222256
436624222276
436624222286
436624222296
436654555506
436654555516
436654555526
436654555576
436654555586
436654555596
436674777706
436674777716
436674777726
436674777756
436674777786
436674777796
436684888806
436684888816
436684888826
436684888856
436684888876
436684888896
436694999906
436694999916
436694999926
436694999956
436694999976
436694999986
437704000017
437704000027
437704000057
437704000067
437704000087
437704000097
437714111107
437714111127
437714111157
437714111167
437714111187
437714111197
437724222207
437724222217
437724222257
437724222267
437724222287
437724222297
437754555507
437754555517
437754555527
437754555567
437754555587
437754555597
437764666607
437764666617
437764666627
437764666657
437764666687
437764666697
437784888807
437784888817
437784888827
437784888857
437784888867
437784888897
437794999907
437794999917
437794999927
437794999957
437794999967
437794999987
438804000018
438804000028
438804000058
438804000068
438804000078
438804000098
438814111108
438814111128
438814111158
438814111168
438814111178
438814111198
438824222208
438824222218
438824222258
438824222268
438824222278
438824222298
438854555508
438854555518
438854555528
438854555568
438854555578
438854555598
438864666608
438864666618
438864666628
438864666658
438864666678
438864666698
438874777708
438874777718
438874777728
438874777758
438874777768
438874777798
438894999908
438894999918
438894999928
438894999958
438894999968
438894999978
439904000019
439904000029
439904000059
439904000069
439904000079
439904000089
439914111109
439914111129
439914111159
439914111169
439914111179
439914111189
439924222209
439924222219
439924222259
439924222269
439924222279
439924222289
439954555509
439954555519
439954555529
439954555569
439954555579
439954555589
439964666609
439964666619
439964666629
439964666659
439964666679
439964666689
439974777709
439974777719
439974777729
439974777759
439974777769
439974777789
439984888809
439984888819
439984888829
439984888859
439984888869
439984888879
450014111120
450014111130
450014111160
450014111170
450014111180
450014111190
450024222210
450024222230
450024222260
450024222270
450024222280
450024222290
450034333310
450034333320
450034333360
450034333370
450034333380
450034333390
450064666610
450064666620
450064666630
450064666670
450064666680
450064666690
450074777710
450074777720
450074777730
450074777760
450074777780
450074777790
450084888810
450084888820
450084888830
450084888860
450084888870
450084888890
450094999910
450094999920
450094999930
450094999960
450094999970
450094999980
451104000021
451104000031
451104000061
451104000071
451104000081
451104000091
451124222201
451124222231
451124222261
451124222271
451124222281
451124222291
451134333301
451134333321
451134333361
451134333371
451134333381
451134333391
451164666601
451164666621
451164666631
451164666671
451164666681
451164666691
451174777701
451174777721
451174777731
451174777761
451174777781
451174777791
451184888801
451184888821
451184888831
451184888861
451184888871
451184888891
451194999901
451194999921
451194999931
451194999961
451194999971
451194999981
452204000012
452204000032
452204000062
452204000072
452204000082
452204000092
452214111102
452214111132
452214111162
452214111172
452214111182
452214111192
452234333302
452234333312
452234333362
452234333372
452234333382
452234333392
452264666602
452264666612
452264666632
452264666672
452264666682
452264666692
452274777702
452274777712
452274777732
452274777762
452274777782
452274777792
452284888802
452284888812
452284888832
452284888862
452284888872
452284888892
452294999902
452294999912
452294999932
452294999962
452294999972
452294999982
453304000013
453304000023
453304000063
453304000073
453304000083
453304000093
453314111103
453314111123
453314111163
453314111173
453314111183
453314111193
453324222203
453324222213
453324222263
453324222273
453324222283
453324222293
453364666603
453364666613
453364666623
453364666673
453364666683
453364666693
453374777703
453374777713
453374777723
453374777763
453374777783
453374777793
453384888803
453384888813
453384888823
453384888863
453384888873
453384888893
453394999903
453394999913
453394999923
453394999963
453394999973
453394999983
456604000016
456604000026
456604000036
456604000076
456604000086
456604000096
456614111106
456614111126
456614111136
456614111176
456614111186
456614111196
456624222206
456624222216
456624222236
456624222276
456624222286
456624222296
456634333306
456634333316
456634333326
456634333376
456634333386
456634333396
456674777706
456674777716
456674777726
456674777736
456674777786
456674777796
456684888806
456684888816
456684888826
456684888836
456684888876
456684888896
456694999906
456694999916
456694999926
456694999936
456694999976
456694999986
457704000017
457704000027
457704000037
457704000067
457704000087
457704000097
457714111107
457714111127
457714111137
457714111167
457714111187
457714111197
457724222207
457724222217
457724222237
457724222267
457724222287
457724222297
457734333307
457734333317
457734333327
457734333367
457734333387
457734333397
457764666607
457764666617
457764666627
457764666637
457764666687
457764666697
457784888807
457784888817
457784888827
457784888837
457784888867
457784888897
457794999907
457794999917
457794999927
457794999937
457794999967
457794999987
458804000018
458804000028
458804000038
458804000068
458804000078
458804000098
458814111108
458814111128
458814111138
458814111168
458814111178
458814111198
458824222208
458824222218
458824222238
458824222268
458824222278
458824222298
458834333308
458834333318
458834333328
458834333368
458834333378
458834333398
458864666608
458864666618
458864666628
458864666638
458864666678
458864666698
458874777708
458874777718
458874777728
458874777738
458874777768
458874777798
458894999908
458894999918
458894999928
458894999938
458894999968
458894999978
459904000019
459904000029
459904000039
459904000069
459904000079
459904000089
459914111109
459914111129
459914111139
459914111169
459914111179
459914111189
459924222209
459924222219
459924222239
459924222269
459924222279
459924222289
459934333309
459934333319
459934333329
459934333369
459934333379
459934333389
459964666609
459964666619
459964666629
459964666639
459964666679
459964666689
459974777709
459974777719
459974777729
459974777739
459974777769
459974777789
459984888809
459984888819
459984888829
459984888839
459984888869
459984888879
460014111120
460014111130
460014111150
460014111170
460014111180
460014111190
460024222210
460024222230
460024222250
460024222270
460024222280
460024222290
460034333310
460034333320
460034333350
460034333370
460034333380
460034333390
460054555510
460054555520
460054555530
460054555570
460054555580
460054555590
460074777710
460074777720
460074777730
460074777750
460074777780
460074777790
460084888810
460084888820
460084888830
460084888850
460084888870
460084888890
460094999910
460094999920
460094999930
460094999950
460094999970
460094999980
461104000021
461104000031
461104000051
461104000071
461104000081
461104000091
461124222201
461124222231
461124222251
461124222271
461124222281
461124222291
461134333301
461134333321
461134333351
461134333371
461134333381
461134333391
461154555501
461154555521
461154555531
461154555571
461154555581
461154555591
461174777701
461174777721
461174777731
461174777751
461174777781
461174777791
461184888801
461184888821
461184888831
461184888851
461184888871
461184888891
461194999901
461194999921
461194999931
461194999951
461194999971
461194999981
462204000012
462204000032
462204000052
462204000072
462204000082
462204000092
462214111102
462214111132
462214111152
462214111172
462214111182
462214111192
462234333302
462234333312
462234333352
462234333372
462234333382
462234333392
462254555502
462254555512
462254555532
462254555572
462254555582
462254555592
462274777702
462274777712
462274777732
462274777752
462274777782
462274777792
462284888802
462284888812
462284888832
462284888852
462284888872
462284888892
462294999902
462294999912
462294999932
462294999952
462294999972
462294999982
463304000013
463304000023
463304000053
463304000073
463304000083
463304000093
463314111103
463314111123
463314111153
463314111173
463314111183
463314111193
463324222203
463324222213
463324222253
463324222273
463324222283
463324222293
463354555503
463354555513
463354555523
463354555573
463354555583
463354555593
463374777703
463374777713
463374777723
463374777753
463374777783
463374777793
463384888803
463384888813
463384888823
463384888853
463384888873
463384888893
463394999903
463394999913
463394999923
463394999953
463394999973
463394999983
465504000015
465504000025
465504000035
465504000075
465504000085
465504000095
465514111105
465514111125
465514111135
465514111175
465514111185
465514111195
465524222205
465524222215
465524222235
465524222275
465524222285
465524222295
465534333305
465534333315
465534333325
465534333375
465534333385
465534333395
465574777705
465574777715
465574777725
465574777735
465574777785
465574777795
465584888805
465584888815
465584888825
465584888835
465584888875
465584888895
465594999905
465594999915
465594999925
465594999935
465594999975
465594999985
467704000017
467704000027
467704000037
467704000057
467704000087
467704000097
467714111107
467714111127
467714111137
467714111157
467714111187
467714111197
467724222207
467724222217
467724222237
467724222257
467724222287
467724222297
467734333307
467734333317
467734333327
467734333357
467734333387
467734333397
467754555507
467754555517
467754555527
467754555537
467754555587
467754555597
467784888807
467784888817
467784888827
467784888837
467784888857
467784888897
467794999907
467794999917
467794999927
467794999937
467794999957
467794999987
468804000018
468804000028
468804000038
468804000058
468804000078
468804000098
468814111108
468814111128
468814111138
468814111158
468814111178
468814111198
468824222208
468824222218
468824222238
468824222258
468824222278
468824222298
468834333308
468834333318
468834333328
468834333358
468834333378
468834333398
468854555508
468854555518
468854555528
468854555538
468854555578
468854555598
468874777708
468874777718
468874777728
468874777738
468874777758
468874777798
468894999908
468894999918
468894999928
468894999938
468894999958
468894999978
469904000019
469904000029
469904000039
469904000059
469904000079
469904000089
469914111109
469914111129
469914111139
469914111159
469914111179
469914111189
469924222209
469924222219
469924222239
469924222259
469924222279
469924222289
469934333309
469934333319
469934333329
469934333359
469934333379
469934333389
469954555509
469954555519
469954555529
469954555539
469954555579
469954555589
469974777709
469974777719
469974777729
469974777739
469974777759
469974777789
469984888809
469984888819
469984888829
469984888839
469984888859
469984888879
470014111120
470014111130
470014111150
470014111160
470014111180
470014111190
470024222210
470024222230
470024222250
470024222260
470024222280
470024222290
470034333310
470034333320
470034333350
470034333360
470034333380
470034333390
470054555510
470054555520
470054555530
470054555560
470054555580
470054555590
470064666610
470064666620
470064666630
470064666650
470064666680
470064666690
470084888810
470084888820
470084888830
470084888850
470084888860
470084888890
470094999910
470094999920
470094999930
470094999950
470094999960
470094999980
471104000021
471104000031
471104000051
471104000061
471104000081
471104000091
471124222201
471124222231
471124222251
471124222261
471124222281
471124222291
471134333301
471134333321
471134333351
471134333361
471134333381
471134333391
471154555501
471154555521
471154555531
471154555561
471154555581
471154555591
471164666601
471164666621
471164666631
471164666651
471164666681
471164666691
471184888801
471184888821
471184888831
471184888851
471184888861
471184888891
471194999901
471194999921
471194999931
471194999951
471194999961
471194999981
472204000012
472204000032
472204000052
472204000062
472204000082
472204000092
472214111102
472214111132
472214111152
472214111162
472214111182
472214111192
472234333302
472234333312
472234333352
472234333362
472234333382
472234333392
472254555502
472254555512
472254555532
472254555562
472254555582
472254555592
472264666602
472264666612
472264666632
472264666652
472264666682
472264666692
472284888802
472284888812
472284888832
472284888852
472284888862
472284888892
472294999902
472294999912
472294999932
472294999952
472294999962
472294999982
473304000013
473304000023
473304000053
473304000063
473304000083
473304000093
473314111103
473314111123
473314111153
473314111163
473314111183
473314111193
473324222203
473324222213
473324222253
473324222263
473324222283
473324222293
473354555503
473354555513
473354555523
473354555563
473354555583
473354555593
473364666603
473364666613
473364666623
473364666653
473364666683
473364666693
473384888803
473384888813
473384888823
473384888853
473384888863
473384888893
473394999903
473394999913
473394999923
473394999953
473394999963
473394999983
475504000015
475504000025
475504000035
475504000065
475504000085
475504000095
475514111105
475514111125
475514111135
475514111165
475514111185
475514111195
475524222205
475524222215
475524222235
475524222265
475524222285
475524222295
475534333305
475534333315
475534333325
475534333365
475534333385
475534333395
475564666605
475564666615
475564666625
475564666635
475564666685
475564666695
475584888805
475584888815
475584888825
475584888835
475584888865
475584888895
475594999905
475594999915
475594999925
475594999935
475594999965
475594999985
476604000016
476604000026
476604000036
476604000056
476604000086
476604000096
476614111106
476614111126
476614111136
476614111156
476614111186
476614111196
476624222206
476624222216
476624222236
476624222256
476624222286
476624222296
476634333306
476634333316
476634333326
476634333356
476634333386
476634333396
476654555506
476654555516
476654555526
476654555536
476654555586
476654555596
476684888806
476684888816
476684888826
476684888836
476684888856
476684888896
476694999906
476694999916
476694999926
476694999936
476694999956
476694999986
478804000018
478804000028
478804000038
478804000058
478804000068
478804000098
478814111108
478814111128
478814111138
478814111158
478814111168
478814111198
478824222208
478824222218
478824222238
478824222258
478824222268
478824222298
478834333308
478834333318
478834333328
478834333358
478834333368
478834333398
478854555508
478854555518
478854555528
478854555538
478854555568
478854555598
478864666608
478864666618
478864666628
478864666638
478864666658
478864666698
478894999908
478894999918
478894999928
478894999938
478894999958
478894999968
479904000019
479904000029
479904000039
479904000059
479904000069
479904000089
479914111109
479914111129
479914111139
479914111159
479914111169
479914111189
479924222209
479924222219
479924222239
479924222259
479924222269
479924222289
479934333309
479934333319
479934333329
479934333359
479934333369
479934333389
479954555509
479954555519
479954555529
479954555539
479954555569
479954555589
479964666609
479964666619
479964666629
479964666639
479964666659
479964666689
479984888809
479984888819
479984888829
479984888839
479984888859
479984888869
480014111120
480014111130
480014111150
480014111160
480014111170
480014111190
480024222210
480024222230
480024222250
480024222260
480024222270
480024222290
480034333310
480034333320
480034333350
480034333360
480034333370
480034333390
480054555510
480054555520
480054555530
480054555560
480054555570
480054555590
480064666610
480064666620
480064666630
480064666650
480064666670
480064666690
480074777710
480074777720
480074777730
480074777750
480074777760
480074777790
480094999910
480094999920
480094999930
480094999950
480094999960
480094999970
481104000021
481104000031
481104000051
481104000061
481104000071
481104000091
481124222201
481124222231
481124222251
481124222261
481124222271
481124222291
481134333301
481134333321
481134333351
481134333361
481134333371
481134333391
481154555501
481154555521
481154555531
481154555561
481154555571
481154555591
481164666601
481164666621
481164666631
481164666651
481164666671
481164666691
481174777701
481174777721
481174777731
481174777751
481174777761
481174777791
481194999901
481194999921
481194999931
481194999951
481194999961
481194999971
482204000012
482204000032
482204000052
482204000062
482204000072
482204000092
482214111102
482214111132
482214111152
482214111162
482214111172
482214111192
482234333302
482234333312
482234333352
482234333362
482234333372
482234333392
482254555502
482254555512
482254555532
482254555562
482254555572
482254555592
482264666602
482264666612
482264666632
482264666652
482264666672
482264666692
482274777702
482274777712
482274777732
482274777752
482274777762
482274777792
482294999902
482294999912
482294999932
482294999952
482294999962
482294999972
483304000013
483304000023
483304000053
483304000063
483304000073
483304000093
483314111103
483314111123
483314111153
483314111163
483314111173
483314111193
483324222203
483324222213
483324222253
483324222263
483324222273
483324222293
483354555503
483354555513
483354555523
483354555563
483354555573
483354555593
483364666603
483364666613
483364666623
483364666653
483364666673
483364666693
483374777703
483374777713
483374777723
483374777753
483374777763
483374777793
483394999903
483394999913
483394999923
483394999953
483394999963
483394999973
485504000015
485504000025
485504000035
485504000065
485504000075
485504000095
485514111105
485514111125
485514111135
485514111165
485514111175
485514111195
485524222205
485524222215
485524222235
485524222265
485524222275
485524222295
485534333305
485534333315
485534333325
485534333365
485534333375
485534333395
485564666605
485564666615
485564666625
485564666635
485564666675
485564666695
485574777705
485574777715
485574777725
485574777735
485574777765
485574777795
485594999905
485594999915
485594999925
485594999935
485594999965
485594999975
486604000016
486604000026
486604000036
486604000056
486604000076
486604000096
486614111106
486614111126
486614111136
486614111156
486614111176
486614111196
486624222206
486624222216
486624222236
486624222256
486624222276
486624222296
486634333306
486634333316
486634333326
486634333356
486634333376
486634333396
486654555506
486654555516
486654555526
486654555536
486654555576
486654555596
486674777706
486674777716
486674777726
486674777736
486674777756
486674777796
486694999906
486694999916
486694999926
486694999936
486694999956
486694999976
487704000017
487704000027
487704000037
487704000057
487704000067
487704000097
487714111107
487714111127
487714111137
487714111157
487714111167
487714111197
487724222207
487724222217
487724222237
487724222257
487724222267
487724222297
487734333307
487734333317
487734333327
487734333357
487734333367
487734333397
487754555507
487754555517
487754555527
487754555537
487754555567
487754555597
487764666607
487764666617
487764666627
487764666637
487764666657
487764666697
487794999907
487794999917
487794999927
487794999937
487794999957
487794999967
489904000019
489904000029
489904000039
489904000059
489904000069
489904000079
489914111109
489914111129
489914111139
489914111159
489914111169
489914111179
489924222209
489924222219
489924222239
489924222259
489924222269
489924222279
489934333309
489934333319
489934333329
489934333359
489934333369
489934333379
489954555509
489954555519
489954555529
489954555539
489954555569
489954555579
489964666609
489964666619
489964666629
489964666639
489964666659
489964666679
489974777709
489974777719
489974777729
489974777739
489974777759
489974777769
490014111120
490014111130
490014111150
490014111160
490014111170
490014111180
490024222210
490024222230
490024222250
490024222260
490024222270
490024222280
490034333310
490034333320
490034333350
490034333360
490034333370
490034333380
490054555510
490054555520
490054555530
490054555560
490054555570
490054555580
490064666610
490064666620
490064666630
490064666650
490064666670
490064666680
490074777710
490074777720
490074777730
490074777750
490074777760
490074777780
490084888810
490084888820
490084888830
490084888850
490084888860
490084888870
491104000021
491104000031
491104000051
491104000061
491104000071
491104000081
491124222201
491124222231
491124222251
491124222261
491124222271
491124222281
491134333301
491134333321
491134333351
491134333361
491134333371
491134333381
491154555501
491154555521
491154555531
491154555561
491154555571
491154555581
491164666601
491164666621
491164666631
491164666651
491164666671
491164666681
491174777701
491174777721
491174777731
491174777751
491174777761
491174777781
491184888801
491184888821
491184888831
491184888851
491184888861
491184888871
492204000012
492204000032
492204000052
492204000062
492204000072
492204000082
492214111102
492214111132
492214111152
492214111162
492214111172
492214111182
492234333302
492234333312
492234333352
492234333362
492234333372
492234333382
492254555502
492254555512
492254555532
492254555562
492254555572
492254555582
492264666602
492264666612
492264666632
492264666652
492264666672
492264666682
492274777702
492274777712
492274777732
492274777752
492274777762
492274777782
492284888802
492284888812
492284888832
492284888852
492284888862
492284888872
493304000013
493304000023
493304000053
493304000063
493304000073
493304000083
493314111103
493314111123
493314111153
493314111163
493314111173
493314111183
493324222203
493324222213
493324222253
493324222263
493324222273
493324222283
493354555503
493354555513
493354555523
493354555563
493354555573
493354555583
493364666603
493364666613
493364666623
493364666653
493364666673
493364666683
493374777703
493374777713
493374777723
493374777753
493374777763
493374777783
493384888803
493384888813
493384888823
493384888853
493384888863
493384888873
495504000015
495504000025
495504000035
495504000065
495504000075
495504000085
495514111105
495514111125
495514111135
495514111165
495514111175
495514111185
495524222205
495524222215
495524222235
495524222265
495524222275
495524222285
495534333305
495534333315
495534333325
495534333365
495534333375
495534333385
495564666605
495564666615
495564666625
495564666635
495564666675
495564666685
495574777705
495574777715
495574777725
495574777735
495574777765
495574777785
495584888805
495584888815
495584888825
495584888835
495584888865
495584888875
496604000016
496604000026
496604000036
496604000056
496604000076
496604000086
496614111106
496614111126
496614111136
496614111156
496614111176
496614111186
496624222206
496624222216
496624222236
496624222256
496624222276
496624222286
496634333306
496634333316
496634333326
496634333356
496634333376
496634333386
496654555506
496654555516
496654555526
496654555536
496654555576
496654555586
496674777706
496674777716
496674777726
496674777736
496674777756
496674777786
496684888806
496684888816
496684888826
496684888836
496684888856
496684888876
497704000017
497704000027
497704000037
497704000057
497704000067
497704000087
497714111107
497714111127
497714111137
497714111157
497714111167
497714111187
497724222207
497724222217
497724222237
497724222257
497724222267
497724222287
497734333307
497734333317
497734333327
497734333357
497734333367
497734333387
497754555507
497754555517
497754555527
497754555537
497754555567
497754555587
497764666607
497764666617
497764666627
497764666637
497764666657
497764666687
497784888807
497784888817
497784888827
497784888837
497784888857
497784888867
498804000018
498804000028
498804000038
498804000058
498804000068
498804000078
498814111108
498814111128
498814111138
498814111158
498814111168
498814111178
498824222208
498824222218
498824222238
498824222258
498824222268
498824222278
498834333308
498834333318
498834333328
498834333358
498834333368
498834333378
498854555508
498854555518
498854555528
498854555538
498854555568
498854555578
498864666608
498864666618
498864666628
498864666638
498864666658
498864666678
498874777708
498874777718
498874777728
498874777738
498874777758
498874777768
501125222231
501125222241
501125222261
501125222271
501125222281
501125222291
501135333321
501135333341
501135333361
501135333371
501135333381
501135333391
501145444421
501145444431
501145444461
501145444471
501145444481
501145444491
501165666621
501165666631
501165666641
501165666671
501165666681
501165666691
501175777721
501175777731
501175777741
501175777761
501175777781
501175777791
501185888821
501185888831
501185888841
501185888861
501185888871
501185888891
501195999921
501195999931
501195999941
501195999961
501195999971
501195999981
502215111132
502215111142
502215111162
502215111172
502215111182
502215111192
502235333312
502235333342
502235333362
502235333372
502235333382
502235333392
502245444412
502245444432
502245444462
502245444472
502245444482
502245444492
502265666612
502265666632
502265666642
502265666672
502265666682
502265666692
502275777712
502275777732
502275777742
502275777762
502275777782
502275777792
502285888812
502285888832
502285888842
502285888862
502285888872
502285888892
502295999912
502295999932
502295999942
502295999962
502295999972
502295999982
503315111123
503315111143
503315111163
503315111173
503315111183
503315111193
503325222213
503325222243
503325222263
503325222273
503325222283
503325222293
503345444413
503345444423
503345444463
503345444473
503345444483
503345444493
503365666613
503365666623
503365666643
503365666673
503365666683
503365666693
503375777713
503375777723
503375777743
503375777763
503375777783
503375777793
503385888813
503385888823
503385888843
503385888863
503385888873
503385888893
503395999913
503395999923
503395999943
503395999963
503395999973
503395999983
504415111124
504415111134
504415111164
504415111174
504415111184
504415111194
504425222214
504425222234
504425222264
504425222274
504425222284
504425222294
504435333314
504435333324
504435333364
504435333374
504435333384
504435333394
504465666614
504465666624
504465666634
504465666674
504465666684
504465666694
504475777714
504475777724
504475777734
504475777764
504475777784
504475777794
504485888814
504485888824
504485888834
504485888864
504485888874
504485888894
504495999914
504495999924
504495999934
504495999964
504495999974
504495999984
506615111126
506615111136
506615111146
506615111176
506615111186
506615111196
506625222216
506625222236
506625222246
506625222276
506625222286
506625222296
506635333316
506635333326
506635333346
506635333376
506635333386
506635333396
506645444416
506645444426
506645444436
506645444476
506645444486
506645444496
506675777716
506675777726
506675777736
506675777746
506675777786
506675777796
506685888816
506685888826
506685888836
506685888846
506685888876
506685888896
506695999916
506695999926
506695999936
506695999946
506695999976
506695999986
507715111127
507715111137
507715111147
507715111167
507715111187
507715111197
507725222217
507725222237
507725222247
507725222267
507725222287
507725222297
507735333317
507735333327
507735333347
507735333367
507735333387
507735333397
507745444417
507745444427
507745444437
507745444467
507745444487
507745444497
507765666617
507765666627
507765666637
507765666647
507765666687
507765666697
507785888817
507785888827
507785888837
507785888847
507785888867
507785888897
507795999917
507795999927
507795999937
507795999947
507795999967
507795999987
508815111128
508815111138
508815111148
508815111168
508815111178
508815111198
508825222218
508825222238
508825222248
508825222268
508825222278
508825222298
508835333318
508835333328
508835333348
508835333368
508835333378
508835333398
508845444418
508845444428
508845444438
508845444468
508845444478
508845444498
508865666618
508865666628
508865666638
508865666648
508865666678
508865666698
508875777718
508875777728
508875777738
508875777748
508875777768
508875777798
508895999918
508895999928
508895999938
508895999948
508895999968
508895999978
509915111129
509915111139
509915111149
509915111169
509915111179
509915111189
509925222219
509925222239
509925222249
509925222269
509925222279
509925222289
509935333319
509935333329
509935333349
509935333369
509935333379
509935333389
509945444419
509945444429
509945444439
509945444469
509945444479
509945444489
509965666619
509965666629
509965666639
509965666649
509965666679
509965666689
509975777719
509975777729
509975777739
509975777749
509975777769
509975777789
509985888819
509985888829
509985888839
509985888849
509985888869
509985888879
510025222230
510025222240
510025222260
510025222270
510025222280
510025222290
510035333320
510035333340
510035333360
510035333370
510035333380
510035333390
510045444420
510045444430
510045444460
510045444470
510045444480
510045444490
510065666620
510065666630
510065666640
510065666670
510065666680
510065666690
510075777720
510075777730
510075777740
510075777760
510075777780
510075777790
510085888820
510085888830
510085888840
510085888860
510085888870
510085888890
510095999920
510095999930
510095999940
510095999960
510095999970
510095999980
512205000032
512205000042
512205000062
512205000072
512205000082
512205000092
512235333302
512235333342
512235333362
512235333372
512235333382
512235333392
512245444402
512245444432
512245444462
512245444472
512245444482
512245444492
512265666602
512265666632
512265666642
512265666672
512265666682
512265666692
512275777702
512275777732
512275777742
512275777762
512275777782
512275777792
512285888802
512285888832
512285888842
512285888862
512285888872
512285888892
512295999902
512295999932
512295999942
512295999962
512295999972
512295999982
513305000023
513305000043
513305000063
513305000073
513305000083
513305000093
513325222203
513325222243
513325222263
513325222273
513325222283
513325222293
513345444403
513345444423
513345444463
513345444473
513345444483
513345444493
513365666603
513365666623
513365666643
513365666673
513365666683
513365666693
513375777703
513375777723
513375777743
513375777763
513375777783
513375777793
513385888803
513385888823
513385888843
513385888863
513385888873
513385888893
513395999903
513395999923
513395999943
513395999963
513395999973
513395999983
514405000024
514405000034
514405000064
514405000074
514405000084
514405000094
514425222204
514425222234
514425222264
514425222274
514425222284
514425222294
514435333304
514435333324
514435333364
514435333374
514435333384
514435333394
514465666604
514465666624
514465666634
514465666674
514465666684
514465666694
514475777704
514475777724
514475777734
514475777764
514475777784
514475777794
514485888804
514485888824
514485888834
514485888864
514485888874
514485888894
514495999904
514495999924
514495999934
514495999964
514495999974
514495999984
516605000026
516605000036
516605000046
516605000076
516605000086
516605000096
516625222206
516625222236
516625222246
516625222276
516625222286
516625222296
516635333306
516635333326
516635333346
516635333376
516635333386
516635333396
516645444406
516645444426
516645444436
516645444476
516645444486
516645444496
516675777706
516675777726
516675777736
516675777746
516675777786
516675777796
516685888806
516685888826
516685888836
516685888846
516685888876
516685888896
516695999906
516695999926
516695999936
516695999946
516695999976
516695999986
517705000027
517705000037
517705000047
517705000067
517705000087
517705000097
517725222207
517725222237
517725222247
517725222267
517725222287
517725222297
517735333307
517735333327
517735333347
517735333367
517735333387
517735333397
517745444407
517745444427
517745444437
517745444467
517745444487
517745444497
517765666607
517765666627
517765666637
517765666647
517765666687
517765666697
517785888807
517785888827
517785888837
517785888847
517785888867
517785888897
517795999907
517795999927
517795999937
517795999947
517795999967
517795999987
518805000028
518805000038
518805000048
518805000068
518805000078
518805000098
518825222208
518825222238
518825222248
518825222268
518825222278
518825222298
518835333308
518835333328
518835333348
518835333368
518835333378
518835333398
518845444408
518845444428
518845444438
518845444468
518845444478
518845444498
518865666608
518865666628
518865666638
518865666648
518865666678
518865666698
518875777708
518875777728
518875777738
518875777748
518875777768
518875777798
518895999908
518895999928
518895999938
518895999948
518895999968
518895999978
519905000029
519905000039
519905000049
519905000069
519905000079
519905000089
519925222209
519925222239
519925222249
519925222269
519925222279
519925222289
519935333309
519935333329
519935333349
519935333369
519935333379
519935333389
519945444409
519945444429
519945444439
519945444469
519945444479
519945444489
519965666609
519965666629
519965666639
519965666649
519965666679
519965666689
519975777709
519975777729
519975777739
519975777749
519975777769
519975777789
519985888809
519985888829
519985888839
519985888849
519985888869
519985888879
520015111130
520015111140
520015111160
520015111170
520015111180
520015111190
520035333310
520035333340
520035333360
520035333370
520035333380
520035333390
520045444410
520045444430
520045444460
520045444470
520045444480
520045444490
520065666610
520065666630
520065666640
520065666670
520065666680
520065666690
520075777710
520075777730
520075777740
520075777760
520075777780
520075777790
520085888810
520085888830
520085888840
520085888860
520085888870
520085888890
520095999910
520095999930
520095999940
520095999960
520095999970
520095999980
521105000031
521105000041
521105000061
521105000071
521105000081
521105000091
521135333301
521135333341
521135333361
521135333371
521135333381
521135333391
521145444401
521145444431
521145444461
521145444471
521145444481
521145444491
521165666601
521165666631
521165666641
521165666671
521165666681
521165666691
521175777701
521175777731
521175777741
521175777761
521175777781
521175777791
521185888801
521185888831
521185888841
521185888861
521185888871
521185888891
521195999901
521195999931
521195999941
521195999961
521195999971
521195999981
523305000013
523305000043
523305000063
523305000073
523305000083
523305000093
523315111103
523315111143
523315111163
523315111173
523315111183
523315111193
523345444403
523345444413
523345444463
523345444473
523345444483
523345444493
523365666603
523365666613
523365666643
523365666673
523365666683
523365666693
523375777703
523375777713
523375777743
523375777763
523375777783
523375777793
523385888803
523385888813
523385888843
523385888863
523385888873
523385888893
523395999903
523395999913
523395999943
523395999963
523395999973
523395999983
524405000014
524405000034
524405000064
524405000074
524405000084
524405000094
524415111104
524415111134
524415111164
524415111174
524415111184
524415111194
524435333304
524435333314
524435333364
524435333374
524435333384
524435333394
524465666604
524465666614
524465666634
524465666674
524465666684
524465666694
524475777704
524475777714
524475777734
524475777764
524475777784
524475777794
524485888804
524485888814
524485888834
524485888864
524485888874
524485888894
524495999904
524495999914
524495999934
524495999964
524495999974
524495999984
526605000016
526605000036
526605000046
526605000076
526605000086
526605000096
526615111106
526615111136
526615111146
526615111176
526615111186
526615111196
526635333306
526635333316
526635333346
526635333376
526635333386
526635333396
526645444406
526645444416
526645444436
526645444476
526645444486
526645444496
526675777706
526675777716
526675777736
526675777746
526675777786
526675777796
526685888806
526685888816
526685888836
526685888846
526685888876
526685888896
526695999906
526695999916
526695999936
526695999946
526695999976
526695999986
527705000017
527705000037
527705000047
527705000067
527705000087
527705000097
527715111107
527715111137
527715111147
527715111167
527715111187
527715111197
527735333307
527735333317
527735333347
527735333367
527735333387
527735333397
527745444407
527745444417
527745444437
527745444467
527745444487
527745444497
527765666607
527765666617
527765666637
527765666647
527765666687
527765666697
527785888807
527785888817
527785888837
527785888847
527785888867
527785888897
527795999907
527795999917
527795999937
527795999947
527795999967
527795999987
528805000018
528805000038
528805000048
528805000068
528805000078
528805000098
528815111108
528815111138
528815111148
528815111168
528815111178
528815111198
528835333308
528835333318
528835333348
528835333368
528835333378
528835333398
528845444408
528845444418
528845444438
528845444468
528845444478
528845444498
528865666608
528865666618
528865666638
528865666648
528865666678
528865666698
528875777708
528875777718
528875777738
528875777748
528875777768
528875777798
528895999908
528895999918
528895999938
528895999948
528895999968
528895999978
529905000019
529905000039
529905000049
529905000069
529905000079
529905000089
529915111109
529915111139
529915111149
529915111169
529915111179
529915111189
529935333309
529935333319
529935333349
529935333369
529935333379
529935333389
529945444409
529945444419
529945444439
529945444469
529945444479
529945444489
529965666609
529965666619
529965666639
529965666649
529965666679
529965666689
529975777709
529975777719
529975777739
529975777749
529975777769
529975777789
529985888809
529985888819
529985888839
529985888849
529985888869
529985888879
530015111120
530015111140
530015111160
530015111170
530015111180
530015111190
530025222210
530025222240
530025222260
530025222270
530025222280
530025222290
530045444410
530045444420
530045444460
530045444470
530045444480
530045444490
530065666610
530065666620
530065666640
530065666670
530065666680
530065666690
530075777710
530075777720
530075777740
530075777760
530075777780
530075777790
530085888810
530085888820
530085888840
530085888860
530085888870
530085888890
530095999910
530095999920
530095999940
530095999960
530095999970
530095999980
531105000021
531105000041
531105000061
531105000071
531105000081
531105000091
531125222201
531125222241
531125222261
531125222271
531125222281
531125222291
531145444401
531145444421
531145444461
531145444471
531145444481
531145444491
531165666601
531165666621
531165666641
531165666671
531165666681
531165666691
531175777701
531175777721
531175777741
531175777761
531175777781
531175777791
531185888801
531185888821
531185888841
531185888861
531185888871
531185888891
531195999901
531195999921
531195999941
531195999961
531195999971
531195999981
532205000012
532205000042
532205000062
532205000072
532205000082
532205000092
532215111102
532215111142
532215111162
532215111172
532215111182
532215111192
532245444402
532245444412
532245444462
532245444472
532245444482
532245444492
532265666602
532265666612
532265666642
532265666672
532265666682
532265666692
532275777702
532275777712
532275777742
532275777762
532275777782
532275777792
532285888802
532285888812
532285888842
532285888862
532285888872
532285888892
532295999902
532295999912
532295999942
532295999962
532295999972
532295999982
534405000014
534405000024
534405000064
534405000074
534405000084
534405000094
534415111104
534415111124
534415111164
534415111174
534415111184
534415111194
534425222204
534425222214
534425222264
534425222274
534425222284
534425222294
534465666604
534465666614
534465666624
534465666674
534465666684
534465666694
534475777704
534475777714
534475777724
534475777764
534475777784
534475777794
534485888804
534485888814
534485888824
534485888864
534485888874
534485888894
534495999904
534495999914
534495999924
534495999964
534495999974
534495999984
536605000016
536605000026
536605000046
536605000076
536605000086
536605000096
536615111106
536615111126
536615111146
536615111176
536615111186
536615111196
536625222206
536625222216
536625222246
536625222276
536625222286
536625222296
536645444406
536645444416
536645444426
536645444476
536645444486
536645444496
536675777706
536675777716
536675777726
536675777746
536675777786
536675777796
536685888806
536685888816
536685888826
536685888846
536685888876
536685888896
536695999906
536695999916
536695999926
536695999946
536695999976
536695999986
537705000017
537705000027
537705000047
537705000067
537705000087
537705000097
537715111107
537715111127
537715111147
537715111167
537715111187
537715111197
537725222207
537725222217
537725222247
537725222267
537725222287
537725222297
537745444407
537745444417
537745444427
537745444467
537745444487
537745444497
537765666607
537765666617
537765666627
537765666647
537765666687
537765666697
537785888807
537785888817
537785888827
537785888847
537785888867
537785888897
537795999907
537795999917
537795999927
537795999947
537795999967
537795999987
538805000018
538805000028
538805000048
538805000068
538805000078
538805000098
538815111108
538815111128
538815111148
538815111168
538815111178
538815111198
538825222208
538825222218
538825222248
538825222268
538825222278
538825222298
538845444408
538845444418
538845444428
538845444468
538845444478
538845444498
538865666608
538865666618
538865666628
538865666648
538865666678
538865666698
538875777708
538875777718
538875777728
538875777748
538875777768
538875777798
538895999908
538895999918
538895999928
538895999948
538895999968
538895999978
539905000019
539905000029
539905000049
539905000069
539905000079
539905000089
539915111109
539915111129
539915111149
539915111169
539915111179
539915111189
539925222209
539925222219
539925222249
539925222269
539925222279
539925222289
539945444409
539945444419
539945444429
539945444469
539945444479
539945444489
539965666609
539965666619
539965666629
539965666649
539965666679
539965666689
539975777709
539975777719
539975777729
539975777749
539975777769
539975777789
539985888809
539985888819
539985888829
539985888849
539985888869
539985888879
540015111120
540015111130
540015111160
540015111170
540015111180
540015111190
540025222210
540025222230
540025222260
540025222270
540025222280
540025222290
540035333310
540035333320
540035333360
540035333370
540035333380
540035333390
540065666610
540065666620
540065666630
540065666670
540065666680
540065666690
540075777710
540075777720
540075777730
540075777760
540075777780
540075777790
540085888810
540085888820
540085888830
540085888860
540085888870
540085888890
540095999910
540095999920
540095999930
540095999960
540095999970
540095999980
541105000021
541105000031
541105000061
541105000071
541105000081
541105000091
541125222201
541125222231
541125222261
541125222271
541125222281
541125222291
541135333301
541135333321
541135333361
541135333371
541135333381
541135333391
541165666601
541165666621
541165666631
541165666671
541165666681
541165666691
541175777701
541175777721
541175777731
541175777761
541175777781
541175777791
541185888801
541185888821
541185888831
541185888861
541185888871
541185888891
541195999901
541195999921
541195999931
541195999961
541195999971
541195999981
542205000012
542205000032
542205000062
542205000072
542205000082
542205000092
542215111102
542215111132
542215111162
542215111172
542215111182
542215111192
542235333302
542235333312
542235333362
542235333372
542235333382
542235333392
542265666602
542265666612
542265666632
542265666672
542265666682
542265666692
542275777702
542275777712
542275777732
542275777762
542275777782
542275777792
542285888802
542285888812
542285888832
542285888862
542285888872
542285888892
542295999902
542295999912
542295999932
542295999962
542295999972
542295999982
543305000013
543305000023
543305000063
543305000073
543305000083
543305000093
543315111103
543315111123
543315111163
543315111173
543315111183
543315111193
543325222203
543325222213
543325222263
543325222273
543325222283
543325222293
543365666603
543365666613
543365666623
543365666673
543365666683
543365666693
543375777703
543375777713
543375777723
543375777763
543375777783
543375777793
543385888803
543385888813
543385888823
543385888863
543385888873
543385888893
543395999903
543395999913
543395999923
543395999963
543395999973
543395999983
546605000016
546605000026
546605000036
546605000076
546605000086
546605000096
546615111106
546615111126
546615111136
546615111176
546615111186
546615111196
546625222206
546625222216
546625222236
546625222276
546625222286
546625222296
546635333306
546635333316
546635333326
546635333376
546635333386
546635333396
546675777706
546675777716
546675777726
546675777736
546675777786
546675777796
546685888806
546685888816
546685888826
546685888836
546685888876
546685888896
546695999906
546695999916
546695999926
546695999936
546695999976
546695999986
547705000017
547705000027
547705000037
547705000067
547705000087
547705000097
547715111107
547715111127
547715111137
547715111167
547715111187
547715111197
547725222207
547725222217
547725222237
547725222267
547725222287
547725222297
547735333307
547735333317
547735333327
547735333367
547735333387
547735333397
547765666607
547765666617
547765666627
547765666637
547765666687
547765666697
547785888807
547785888817
547785888827
547785888837
547785888867
547785888897
547795999907
547795999917
547795999927
547795999937
547795999967
547795999987
548805000018
548805000028
548805000038
548805000068
548805000078
548805000098
548815111108
548815111128
548815111138
548815111168
548815111178
548815111198
548825222208
548825222218
548825222238
548825222268
548825222278
548825222298
548835333308
548835333318
548835333328
548835333368
548835333378
548835333398
548865666608
548865666618
548865666628
548865666638
548865666678
548865666698
548875777708
548875777718
548875777728
548875777738
548875777768
548875777798
548895999908
548895999918
548895999928
548895999938
548895999968
548895999978
549905000019
549905000029
549905000039
549905000069
549905000079
549905000089
549915111109
549915111129
549915111139
549915111169
549915111179
549915111189
549925222209
549925222219
549925222239
549925222269
549925222279
549925222289
549935333309
549935333319
549935333329
549935333369
549935333379
549935333389
549965666609
549965666619
549965666629
549965666639
549965666679
549965666689
549975777709
549975777719
549975777729
549975777739
549975777769
549975777789
549985888809
549985888819
549985888829
549985888839
549985888869
549985888879
560015111120
560015111130
560015111140
560015111170
560015111180
560015111190
560025222210
560025222230
560025222240
560025222270
560025222280
560025222290
560035333310
560035333320
560035333340
560035333370
560035333380
560035333390
560045444410
560045444420
560045444430
560045444470
560045444480
560045444490
560075777710
560075777720
560075777730
560075777740
560075777780
560075777790
560085888810
560085888820
560085888830
560085888840
560085888870
560085888890
560095999910
560095999920
560095999930
560095999940
560095999970
560095999980
561105000021
561105000031
561105000041
561105000071
561105000081
561105000091
561125222201
561125222231
561125222241
561125222271
561125222281
561125222291
561135333301
561135333321
561135333341
561135333371
561135333381
561135333391
561145444401
561145444421
561145444431
561145444471
561145444481
561145444491
561175777701
561175777721
561175777731
561175777741
561175777781
561175777791
561185888801
561185888821
561185888831
561185888841
561185888871
561185888891
561195999901
561195999921
561195999931
561195999941
561195999971
561195999981
562205000012
562205000032
562205000042
562205000072
562205000082
562205000092
562215111102
562215111132
562215111142
562215111172
562215111182
562215111192
562235333302
562235333312
562235333342
562235333372
562235333382
562235333392
562245444402
562245444412
562245444432
562245444472
562245444482
562245444492
562275777702
562275777712
562275777732
562275777742
562275777782
562275777792
562285888802
562285888812
562285888832
562285888842
562285888872
562285888892
562295999902
562295999912
562295999932
562295999942
562295999972
562295999982
563305000013
563305000023
563305000043
563305000073
563305000083
563305000093
563315111103
563315111123
563315111143
563315111173
563315111183
563315111193
563325222203
563325222213
563325222243
563325222273
563325222283
563325222293
563345444403
563345444413
563345444423
563345444473
563345444483
563345444493
563375777703
563375777713
563375777723
563375777743
563375777783
563375777793
563385888803
563385888813
563385888823
563385888843
563385888873
563385888893
563395999903
563395999913
563395999923
563395999943
563395999973
563395999983
564405000014
564405000024
564405000034
564405000074
564405000084
564405000094
564415111104
564415111124
564415111134
564415111174
564415111184
564415111194
564425222204
564425222214
564425222234
564425222274
564425222284
564425222294
564435333304
564435333314
564435333324
564435333374
564435333384
564435333394
564475777704
564475777714
564475777724
564475777734
564475777784
564475777794
564485888804
564485888814
564485888824
564485888834
564485888874
564485888894
564495999904
564495999914
564495999924
564495999934
564495999974
564495999984
567705000017
567705000027
567705000037
567705000047
567705000087
567705000097
567715111107
567715111127
567715111137
567715111147
567715111187
567715111197
567725222207
567725222217
567725222237
567725222247
567725222287
567725222297
567735333307
567735333317
567735333327
567735333347
567735333387
567735333397
567745444407
567745444417
567745444427
567745444437
567745444487
567745444497
567785888807
567785888817
567785888827
567785888837
567785888847
567785888897
567795999907
567795999917
567795999927
567795999937
567795999947
567795999987
568805000018
568805000028
568805000038
568805000048
568805000078
568805000098
568815111108
568815111128
568815111138
568815111148
568815111178
568815111198
568825222208
568825222218
568825222238
568825222248
568825222278
568825222298
568835333308
568835333318
568835333328
568835333348
568835333378
568835333398
568845444408
568845444418
568845444428
568845444438
568845444478
568845444498
568875777708
568875777718
568875777728
568875777738
568875777748
568875777798
568895999908
568895999918
568895999928
568895999938
568895999948
568895999978
569905000019
569905000029
569905000039
569905000049
569905000079
569905000089
569915111109
569915111129
569915111139
569915111149
569915111179
569915111189
569925222209
569925222219
569925222239
569925222249
569925222279
569925222289
569935333309
569935333319
569935333329
569935333349
569935333379
569935333389
569945444409
569945444419
569945444429
569945444439
569945444479
569945444489
569975777709
569975777719
569975777729
569975777739
569975777749
569975777789
569985888809
569985888819
569985888829
569985888839
569985888849
569985888879
570015111120
570015111130
570015111140
570015111160
570015111180
570015111190
570025222210
570025222230
570025222240
570025222260
570025222280
570025222290
570035333310
570035333320
570035333340
570035333360
570035333380
570035333390
570045444410
570045444420
570045444430
570045444460
570045444480
570045444490
570065666610
570065666620
570065666630
570065666640
570065666680
570065666690
570085888810
570085888820
570085888830
570085888840
570085888860
570085888890
570095999910
570095999920
570095999930
570095999940
570095999960
570095999980
571105000021
571105000031
571105000041
571105000061
571105000081
571105000091
571125222201
571125222231
571125222241
571125222261
571125222281
571125222291
571135333301
571135333321
571135333341
571135333361
571135333381
571135333391
571145444401
571145444421
571145444431
571145444461
571145444481
571145444491
571165666601
571165666621
571165666631
571165666641
571165666681
571165666691
571185888801
571185888821
571185888831
571185888841
571185888861
571185888891
571195999901
571195999921
571195999931
571195999941
571195999961
571195999981
572205000012
572205000032
572205000042
572205000062
572205000082
572205000092
572215111102
572215111132
572215111142
572215111162
572215111182
572215111192
572235333302
572235333312
572235333342
572235333362
572235333382
572235333392
572245444402
572245444412
572245444432
572245444462
572245444482
572245444492
572265666602
572265666612
572265666632
572265666642
572265666682
572265666692
572285888802
572285888812
572285888832
572285888842
572285888862
572285888892
572295999902
572295999912
572295999932
572295999942
572295999962
572295999982
573305000013
573305000023
573305000043
573305000063
573305000083
573305000093
573315111103
573315111123
573315111143
573315111163
573315111183
573315111193
573325222203
573325222213
573325222243
573325222263
573325222283
573325222293
573345444403
573345444413
573345444423
573345444463
573345444483
573345444493
573365666603
573365666613
573365666623
573365666643
573365666683
573365666693
573385888803
573385888813
573385888823
573385888843
573385888863
573385888893
573395999903
573395999913
573395999923
573395999943
573395999963
573395999983
574405000014
574405000024
574405000034
574405000064
574405000084
574405000094
574415111104
574415111124
574415111134
574415111164
574415111184
574415111194
574425222204
574425222214
574425222234
574425222264
574425222284
574425222294
574435333304
574435333314
574435333324
574435333364
574435333384
574435333394
574465666604
574465666614
574465666624
574465666634
574465666684
574465666694
574485888804
574485888814
574485888824
574485888834
574485888864
574485888894
574495999904
574495999914
574495999924
574495999934
574495999964
574495999984
576605000016
576605000026
576605000036
576605000046
576605000086
576605000096
576615111106
576615111126
576615111136
576615111146
576615111186
576615111196
576625222206
576625222216
576625222236
576625222246
576625222286
576625222296
576635333306
576635333316
576635333326
576635333346
576635333386
576635333396
576645444406
576645444416
576645444426
576645444436
576645444486
576645444496
576685888806
576685888816
576685888826
576685888836
576685888846
576685888896
576695999906
576695999916
576695999926
576695999936
576695999946
576695999986
578805000018
578805000028
578805000038
578805000048
578805000068
578805000098
578815111108
578815111128
578815111138
578815111148
578815111168
578815111198
578825222208
578825222218
578825222238
578825222248
578825222268
578825222298
578835333308
578835333318
578835333328
578835333348
578835333368
578835333398
578845444408
578845444418
578845444428
578845444438
578845444468
578845444498
578865666608
578865666618
578865666628
578865666638
578865666648
578865666698
578895999908
578895999918
578895999928
578895999938
578895999948
578895999968
579905000019
579905000029
579905000039
579905000049
579905000069
579905000089
579915111109
579915111129
579915111139
579915111149
579915111169
579915111189
579925222209
579925222219
579925222239
579925222249
579925222269
579925222289
579935333309
579935333319
579935333329
579935333349
579935333369
579935333389
579945444409
579945444419
579945444429
579945444439
579945444469
579945444489
579965666609
579965666619
579965666629
579965666639
579965666649
579965666689
579985888809
579985888819
579985888829
579985888839
579985888849
579985888869
580015111120
580015111130
580015111140
580015111160
580015111170
580015111190
580025222210
580025222230
580025222240
580025222260
580025222270
580025222290
580035333310
580035333320
580035333340
580035333360
580035333370
580035333390
580045444410
580045444420
580045444430
580045444460
580045444470
580045444490
580065666610
580065666620
580065666630
580065666640
580065666670
580065666690
580075777710
580075777720
580075777730
580075777740
580075777760
580075777790
580095999910
580095999920
580095999930
580095999940
580095999960
580095999970
581105000021
581105000031
581105000041
581105000061
581105000071
581105000091
581125222201
581125222231
581125222241
581125222261
581125222271
581125222291
581135333301
581135333321
581135333341
581135333361
581135333371
581135333391
581145444401
581145444421
581145444431
581145444461
581145444471
581145444491
581165666601
581165666621
581165666631
581165666641
581165666671
581165666691
581175777701
581175777721
581175777731
581175777741
581175777761
581175777791
581195999901
581195999921
581195999931
581195999941
581195999961
581195999971
582205000012
582205000032
582205000042
582205000062
582205000072
582205000092
582215111102
582215111132
582215111142
582215111162
582215111172
582215111192
582235333302
582235333312
582235333342
582235333362
582235333372
582235333392
582245444402
582245444412
582245444432
582245444462
582245444472
582245444492
582265666602
582265666612
582265666632
582265666642
582265666672
582265666692
582275777702
582275777712
582275777732
582275777742
582275777762
582275777792
582295999902
582295999912
582295999932
582295999942
582295999962
582295999972
583305000013
583305000023
583305000043
583305000063
583305000073
583305000093
583315111103
583315111123
583315111143
583315111163
583315111173
583315111193
583325222203
583325222213
583325222243
583325222263
583325222273
583325222293
583345444403
583345444413
583345444423
583345444463
583345444473
583345444493
583365666603
583365666613
583365666623
583365666643
583365666673
583365666693
583375777703
583375777713
583375777723
583375777743
583375777763
583375777793
583395999903
583395999913
583395999923
583395999943
583395999963
583395999973
584405000014
584405000024
584405000034
584405000064
584405000074
584405000094
584415111104
584415111124
584415111134
584415111164
584415111174
584415111194
584425222204
584425222214
584425222234
584425222264
584425222274
584425222294
584435333304
584435333314
584435333324
584435333364
584435333374
584435333394
584465666604
584465666614
584465666624
584465666634
584465666674
584465666694
584475777704
584475777714
584475777724
584475777734
584475777764
584475777794
584495999904
584495999914
584495999924
584495999934
584495999964
584495999974
586605000016
586605000026
586605000036
586605000046
586605000076
586605000096
586615111106
586615111126
586615111136
586615111146
586615111176
586615111196
586625222206
586625222216
586625222236
586625222246
586625222276
586625222296
586635333306
586635333316
586635333326
586635333346
586635333376
586635333396
586645444406
586645444416
586645444426
586645444436
586645444476
586645444496
586675777706
586675777716
586675777726
586675777736
586675777746
586675777796
586695999906
586695999916
586695999926
586695999936
586695999946
586695999976
587705000017
587705000027
587705000037
587705000047
587705000067
587705000097
587715111107
587715111127
587715111137
587715111147
587715111167
587715111197
587725222207
587725222217
587725222237
587725222247
587725222267
587725222297
587735333307
587735333317
587735333327
587735333347
587735333367
587735333397
587745444407
587745444417
587745444427
587745444437
587745444467
587745444497
587765666607
587765666617
587765666627
587765666637
587765666647
587765666697
587795999907
587795999917
587795999927
587795999937
587795999947
587795999967
589905000019
589905000029
589905000039
589905000049
589905000069
589905000079
589915111109
589915111129
589915111139
589915111149
589915111169
589915111179
589925222209
589925222219
589925222239
589925222249
589925222269
589925222279
589935333309
589935333319
589935333329
589935333349
589935333369
589935333379
589945444409
589945444419
589945444429
589945444439
589945444469
589945444479
589965666609
589965666619
589965666629
589965666639
589965666649
589965666679
589975777709
589975777719
589975777729
589975777739
589975777749
589975777769
590015111120
590015111130
590015111140
590015111160
590015111170
590015111180
590025222210
590025222230
590025222240
590025222260
590025222270
590025222280
590035333310
590035333320
590035333340
590035333360
590035333370
590035333380
590045444410
590045444420
590045444430
590045444460
590045444470
590045444480
590065666610
590065666620
590065666630
590065666640
590065666670
590065666680
590075777710
590075777720
590075777730
590075777740
590075777760
590075777780
590085888810
590085888820
590085888830
590085888840
590085888860
590085888870
591105000021
591105000031
591105000041
591105000061
591105000071
591105000081
591125222201
591125222231
591125222241
591125222261
591125222271
591125222281
591135333301
591135333321
591135333341
591135333361
591135333371
591135333381
591145444401
591145444421
591145444431
591145444461
591145444471
591145444481
591165666601
591165666621
591165666631
591165666641
591165666671
591165666681
591175777701
591175777721
591175777731
591175777741
591175777761
591175777781
591185888801
591185888821
591185888831
591185888841
591185888861
591185888871
592205000012
592205000032
592205000042
592205000062
592205000072
592205000082
592215111102
592215111132
592215111142
592215111162
592215111172
592215111182
592235333302
592235333312
592235333342
592235333362
592235333372
592235333382
592245444402
592245444412
592245444432
592245444462
592245444472
592245444482
592265666602
592265666612
592265666632
592265666642
592265666672
592265666682
592275777702
592275777712
592275777732
592275777742
592275777762
592275777782
592285888802
592285888812
592285888832
592285888842
592285888862
592285888872
593305000013
593305000023
593305000043
593305000063
593305000073
593305000083
593315111103
593315111123
593315111143
593315111163
593315111173
593315111183
593325222203
593325222213
593325222243
593325222263
593325222273
593325222283
593345444403
593345444413
593345444423
593345444463
593345444473
593345444483
593365666603
593365666613
593365666623
593365666643
593365666673
593365666683
593375777703
593375777713
593375777723
593375777743
593375777763
593375777783
593385888803
593385888813
593385888823
593385888843
593385888863
593385888873
594405000014
594405000024
594405000034
594405000064
594405000074
594405000084
594415111104
594415111124
594415111134
594415111164
594415111174
594415111184
594425222204
594425222214
594425222234
594425222264
594425222274
594425222284
594435333304
594435333314
594435333324
594435333364
594435333374
594435333384
594465666604
594465666614
594465666624
594465666634
594465666674
594465666684
594475777704
594475777714
594475777724
594475777734
594475777764
594475777784
594485888804
594485888814
594485888824
594485888834
594485888864
594485888874
596605000016
596605000026
596605000036
596605000046
596605000076
596605000086
596615111106
596615111126
596615111136
596615111146
596615111176
596615111186
596625222206
596625222216
596625222236
596625222246
596625222276
596625222286
596635333306
596635333316
596635333326
596635333346
596635333376
596635333386
596645444406
596645444416
596645444426
596645444436
596645444476
596645444486
596675777706
596675777716
596675777726
596675777736
596675777746
596675777786
596685888806
596685888816
596685888826
596685888836
596685888846
596685888876
597705000017
597705000027
597705000037
597705000047
597705000067
597705000087
597715111107
597715111127
597715111137
597715111147
597715111167
597715111187
597725222207
597725222217
597725222237
597725222247
597725222267
597725222287
597735333307
597735333317
597735333327
597735333347
597735333367
597735333387
597745444407
597745444417
597745444427
597745444437
597745444467
597745444487
597765666607
597765666617
597765666627
597765666637
597765666647
597765666687
597785888807
597785888817
597785888827
597785888837
597785888847
597785888867
598805000018
598805000028
598805000038
598805000048
598805000068
598805000078
598815111108
598815111128
598815111138
598815111148
598815111168
598815111178
598825222208
598825222218
598825222238
598825222248
598825222268
598825222278
598835333308
598835333318
598835333328
598835333348
598835333368
598835333378
598845444408
598845444418
598845444428
598845444438
598845444468
598845444478
598865666608
598865666618
598865666628
598865666638
598865666648
598865666678
598875777708
598875777718
598875777728
598875777738
598875777748
598875777768
601126222231
601126222241
601126222251
601126222271
601126222281
601126222291
601136333321
601136333341
601136333351
601136333371
601136333381
601136333391
601146444421
601146444431
601146444451
601146444471
601146444481
601146444491
601156555521
601156555531
601156555541
601156555571
601156555581
601156555591
601176777721
601176777731
601176777741
601176777751
601176777781
601176777791
601186888821
601186888831
601186888841
601186888851
601186888871
601186888891
601196999921
601196999931
601196999941
601196999951
601196999971
601196999981
602216111132
602216111142
602216111152
602216111172
602216111182
602216111192
602236333312
602236333342
602236333352
602236333372
602236333382
602236333392
602246444412
602246444432
602246444452
602246444472
602246444482
602246444492
602256555512
602256555532
602256555542
602256555572
602256555582
602256555592
602276777712
602276777732
602276777742
602276777752
602276777782
602276777792
602286888812
602286888832
602286888842
602286888852
602286888872
602286888892
602296999912
602296999932
602296999942
602296999952
602296999972
602296999982
603316111123
603316111143
603316111153
603316111173
603316111183
603316111193
603326222213
603326222243
603326222253
603326222273
603326222283
603326222293
603346444413
603346444423
603346444453
603346444473
603346444483
603346444493
603356555513
603356555523
603356555543
603356555573
603356555583
603356555593
603376777713
603376777723
603376777743
603376777753
603376777783
603376777793
603386888813
603386888823
603386888843
603386888853
603386888873
603386888893
603396999913
603396999923
603396999943
603396999953
603396999973
603396999983
604416111124
604416111134
604416111154
604416111174
604416111184
604416111194
604426222214
604426222234
604426222254
604426222274
604426222284
604426222294
604436333314
604436333324
604436333354
604436333374
604436333384
604436333394
604456555514
604456555524
604456555534
604456555574
604456555584
604456555594
604476777714
604476777724
604476777734
604476777754
604476777784
604476777794
604486888814
604486888824
604486888834
604486888854
604486888874
604486888894
604496999914
604496999924
604496999934
604496999954
604496999974
604496999984
605516111125
605516111135
605516111145
605516111175
605516111185
605516111195
605526222215
605526222235
605526222245
605526222275
605526222285
605526222295
605536333315
605536333325
605536333345
605536333375
605536333385
605536333395
605546444415
605546444425
605546444435
605546444475
605546444485
605546444495
605576777715
605576777725
605576777735
605576777745
605576777785
605576777795
605586888815
605586888825
605586888835
605586888845
605586888875
605586888895
605596999915
605596999925
605596999935
605596999945
605596999975
605596999985
607716111127
607716111137
607716111147
607716111157
607716111187
607716111197
607726222217
607726222237
607726222247
607726222257
607726222287
607726222297
607736333317
607736333327
607736333347
607736333357
607736333387
607736333397
607746444417
607746444427
607746444437
607746444457
607746444487
607746444497
607756555517
607756555527
607756555537
607756555547
607756555587
607756555597
607786888817
607786888827
607786888837
607786888847
607786888857
607786888897
607796999917
607796999927
607796999937
607796999947
607796999957
607796999987
608816111128
608816111138
608816111148
608816111158
608816111178
608816111198
608826222218
608826222238
608826222248
608826222258
608826222278
608826222298
608836333318
608836333328
608836333348
608836333358
608836333378
608836333398
608846444418
608846444428
608846444438
608846444458
608846444478
608846444498
608856555518
608856555528
608856555538
608856555548
608856555578
608856555598
608876777718
608876777728
608876777738
608876777748
608876777758
608876777798
608896999918
608896999928
608896999938
608896999948
608896999958
608896999978
609916111129
609916111139
609916111149
609916111159
609916111179
609916111189
609926222219
609926222239
609926222249
609926222259
609926222279
609926222289
609936333319
609936333329
609936333349
609936333359
609936333379
609936333389
609946444419
609946444429
609946444439
609946444459
609946444479
609946444489
609956555519
609956555529
609956555539
609956555549
609956555579
609956555589
609976777719
609976777729
609976777739
609976777749
609976777759
609976777789
609986888819
609986888829
609986888839
609986888849
609986888859
609986888879
610026222230
610026222240
610026222250
610026222270
610026222280
610026222290
610036333320
610036333340
610036333350
610036333370
610036333380
610036333390
610046444420
610046444430
610046444450
610046444470
610046444480
610046444490
610056555520
610056555530
610056555540
610056555570
610056555580
610056555590
610076777720
610076777730
610076777740
610076777750
610076777780
610076777790
610086888820
610086888830
610086888840
610086888850
610086888870
610086888890
610096999920
610096999930
610096999940
610096999950
610096999970
610096999980
612206000032
612206000042
612206000052
612206000072
612206000082
612206000092
612236333302
612236333342
612236333352
612236333372
612236333382
612236333392
612246444402
612246444432
612246444452
612246444472
612246444482
612246444492
612256555502
612256555532
612256555542
612256555572
612256555582
612256555592
612276777702
612276777732
612276777742
612276777752
612276777782
612276777792
612286888802
612286888832
612286888842
612286888852
612286888872
612286888892
612296999902
612296999932
612296999942
612296999952
612296999972
612296999982
613306000023
613306000043
613306000053
613306000073
613306000083
613306000093
613326222203
613326222243
613326222253
613326222273
613326222283
613326222293
613346444403
613346444423
613346444453
613346444473
613346444483
613346444493
613356555503
613356555523
613356555543
613356555573
613356555583
613356555593
613376777703
613376777723
613376777743
613376777753
613376777783
613376777793
613386888803
613386888823
613386888843
613386888853
613386888873
613386888893
613396999903
613396999923
613396999943
613396999953
613396999973
613396999983
614406000024
614406000034
614406000054
614406000074
614406000084
614406000094
614426222204
614426222234
614426222254
614426222274
614426222284
614426222294
614436333304
614436333324
614436333354
614436333374
614436333384
614436333394
614456555504
614456555524
614456555534
614456555574
614456555584
614456555594
614476777704
614476777724
614476777734
614476777754
614476777784
614476777794
614486888804
614486888824
614486888834
614486888854
614486888874
614486888894
614496999904
614496999924
614496999934
614496999954
614496999974
614496999984
615506000025
615506000035
615506000045
615506000075
615506000085
615506000095
615526222205
615526222235
615526222245
615526222275
615526222285
615526222295
615536333305
615536333325
615536333345
615536333375
615536333385
615536333395
615546444405
615546444425
615546444435
615546444475
615546444485
615546444495
615576777705
615576777725
615576777735
615576777745
615576777785
615576777795
615586888805
615586888825
615586888835
615586888845
615586888875
615586888895
615596999905
615596999925
615596999935
615596999945
615596999975
615596999985
617706000027
617706000037
617706000047
617706000057
617706000087
617706000097
617726222207
617726222237
617726222247
617726222257
617726222287
617726222297
617736333307
617736333327
617736333347
617736333357
617736333387
617736333397
617746444407
617746444427
617746444437
617746444457
617746444487
617746444497
617756555507
617756555527
617756555537
617756555547
617756555587
617756555597
617786888807
617786888827
617786888837
617786888847
617786888857
617786888897
617796999907
617796999927
617796999937
617796999947
617796999957
617796999987
618806000028
618806000038
618806000048
618806000058
618806000078
618806000098
618826222208
618826222238
618826222248
618826222258
618826222278
618826222298
618836333308
618836333328
618836333348
618836333358
618836333378
618836333398
618846444408
618846444428
618846444438
618846444458
618846444478
618846444498
618856555508
618856555528
618856555538
618856555548
618856555578
618856555598
618876777708
618876777728
618876777738
618876777748
618876777758
618876777798
618896999908
618896999928
618896999938
618896999948
618896999958
618896999978
619906000029
619906000039
619906000049
619906000059
619906000079
619906000089
619926222209
619926222239
619926222249
619926222259
619926222279
619926222289
619936333309
619936333329
619936333349
619936333359
619936333379
619936333389
619946444409
619946444429
619946444439
619946444459
619946444479
619946444489
619956555509
619956555529
619956555539
619956555549
619956555579
619956555589
619976777709
619976777729
619976777739
619976777749
619976777759
619976777789
619986888809
619986888829
619986888839
619986888849
619986888859
619986888879
620016111130
620016111140
620016111150
620016111170
620016111180
620016111190
620036333310
620036333340
620036333350
620036333370
620036333380
620036333390
620046444410
620046444430
620046444450
620046444470
620046444480
620046444490
620056555510
620056555530
620056555540
620056555570
620056555580
620056555590
620076777710
620076777730
620076777740
620076777750
620076777780
620076777790
620086888810
620086888830
620086888840
620086888850
620086888870
620086888890
620096999910
620096999930
620096999940
620096999950
620096999970
620096999980
621106000031
621106000041
621106000051
621106000071
621106000081
621106000091
621136333301
621136333341
621136333351
621136333371
621136333381
621136333391
621146444401
621146444431
621146444451
621146444471
621146444481
621146444491
621156555501
621156555531
621156555541
621156555571
621156555581
621156555591
621176777701
621176777731
621176777741
621176777751
621176777781
621176777791
621186888801
621186888831
621186888841
621186888851
621186888871
621186888891
621196999901
621196999931
621196999941
621196999951
621196999971
621196999981
623306000013
623306000043
623306000053
623306000073
623306000083
623306000093
623316111103
623316111143
623316111153
623316111173
623316111183
623316111193
623346444403
623346444413
623346444453
623346444473
623346444483
623346444493
623356555503
623356555513
623356555543
623356555573
623356555583
623356555593
623376777703
623376777713
623376777743
623376777753
623376777783
623376777793
623386888803
623386888813
623386888843
623386888853
623386888873
623386888893
623396999903
623396999913
623396999943
623396999953
623396999973
623396999983
624406000014
624406000034
624406000054
624406000074
624406000084
624406000094
624416111104
624416111134
624416111154
624416111174
624416111184
624416111194
624436333304
624436333314
624436333354
624436333374
624436333384
624436333394
624456555504
624456555514
624456555534
624456555574
624456555584
624456555594
624476777704
624476777714
624476777734
624476777754
624476777784
624476777794
624486888804
624486888814
624486888834
624486888854
624486888874
624486888894
624496999904
624496999914
624496999934
624496999954
624496999974
624496999984
625506000015
625506000035
625506000045
625506000075
625506000085
625506000095
625516111105
625516111135
625516111145
625516111175
625516111185
625516111195
625536333305
625536333315
625536333345
625536333375
625536333385
625536333395
625546444405
625546444415
625546444435
625546444475
625546444485
625546444495
625576777705
625576777715
625576777735
625576777745
625576777785
625576777795
625586888805
625586888815
625586888835
625586888845
625586888875
625586888895
625596999905
625596999915
625596999935
625596999945
625596999975
625596999985
627706000017
627706000037
627706000047
627706000057
627706000087
627706000097
627716111107
627716111137
627716111147
627716111157
627716111187
627716111197
627736333307
627736333317
627736333347
627736333357
627736333387
627736333397
627746444407
627746444417
627746444437
627746444457
627746444487
627746444497
627756555507
627756555517
627756555537
627756555547
627756555587
627756555597
627786888807
627786888817
627786888837
627786888847
627786888857
627786888897
627796999907
627796999917
627796999937
627796999947
627796999957
627796999987
628806000018
628806000038
628806000048
628806000058
628806000078
628806000098
628816111108
628816111138
628816111148
628816111158
628816111178
628816111198
628836333308
628836333318
628836333348
628836333358
628836333378
628836333398
628846444408
628846444418
628846444438
628846444458
628846444478
628846444498
628856555508
628856555518
628856555538
628856555548
628856555578
628856555598
628876777708
628876777718
628876777738
628876777748
628876777758
628876777798
628896999908
628896999918
628896999938
628896999948
628896999958
628896999978
629906000019
629906000039
629906000049
629906000059
629906000079
629906000089
629916111109
629916111139
629916111149
629916111159
629916111179
629916111189
629936333309
629936333319
629936333349
629936333359
629936333379
629936333389
629946444409
629946444419
629946444439
629946444459
629946444479
629946444489
629956555509
629956555519
629956555539
629956555549
629956555579
629956555589
629976777709
629976777719
629976777739
629976777749
629976777759
629976777789
629986888809
629986888819
629986888839
629986888849
629986888859
629986888879
630016111120
630016111140
630016111150
630016111170
630016111180
630016111190
630026222210
630026222240
630026222250
630026222270
630026222280
630026222290
630046444410
630046444420
630046444450
630046444470
630046444480
630046444490
630056555510
630056555520
630056555540
630056555570
630056555580
630056555590
630076777710
630076777720
630076777740
630076777750
630076777780
630076777790
630086888810
630086888820
630086888840
630086888850
630086888870
630086888890
630096999910
630096999920
630096999940
630096999950
630096999970
630096999980
631106000021
631106000041
631106000051
631106000071
631106000081
631106000091
631126222201
631126222241
631126222251
631126222271
631126222281
631126222291
631146444401
631146444421
631146444451
631146444471
631146444481
631146444491
631156555501
631156555521
631156555541
631156555571
631156555581
631156555591
631176777701
631176777721
631176777741
631176777751
631176777781
631176777791
631186888801
631186888821
631186888841
631186888851
631186888871
631186888891
631196999901
631196999921
631196999941
631196999951
631196999971
631196999981
632206000012
632206000042
632206000052
632206000072
632206000082
632206000092
632216111102
632216111142
632216111152
632216111172
632216111182
632216111192
632246444402
632246444412
632246444452
632246444472
632246444482
632246444492
632256555502
632256555512
632256555542
632256555572
632256555582
632256555592
632276777702
632276777712
632276777742
632276777752
632276777782
632276777792
632286888802
632286888812
632286888842
632286888852
632286888872
632286888892
632296999902
632296999912
632296999942
632296999952
632296999972
632296999982
634406000014
634406000024
634406000054
634406000074
634406000084
634406000094
634416111104
634416111124
634416111154
634416111174
634416111184
634416111194
634426222204
634426222214
634426222254
634426222274
634426222284
634426222294
634456555504
634456555514
634456555524
634456555574
634456555584
634456555594
634476777704
634476777714
634476777724
634476777754
634476777784
634476777794
634486888804
634486888814
634486888824
634486888854
634486888874
634486888894
634496999904
634496999914
634496999924
634496999954
634496999974
634496999984
635506000015
635506000025
635506000045
635506000075
635506000085
635506000095
635516111105
635516111125
635516111145
635516111175
635516111185
635516111195
635526222205
635526222215
635526222245
635526222275
635526222285
635526222295
635546444405
635546444415
635546444425
635546444475
635546444485
635546444495
635576777705
635576777715
635576777725
635576777745
635576777785
635576777795
635586888805
635586888815
635586888825
635586888845
635586888875
635586888895
635596999905
635596999915
635596999925
635596999945
635596999975
635596999985
637706000017
637706000027
637706000047
637706000057
637706000087
637706000097
637716111107
637716111127
637716111147
637716111157
637716111187
637716111197
637726222207
637726222217
637726222247
637726222257
637726222287
637726222297
637746444407
637746444417
637746444427
637746444457
637746444487
637746444497
637756555507
637756555517
637756555527
637756555547
637756555587
637756555597
637786888807
637786888817
637786888827
637786888847
637786888857
637786888897
637796999907
637796999917
637796999927
637796999947
637796999957
637796999987
638806000018
638806000028
638806000048
638806000058
638806000078
638806000098
638816111108
638816111128
638816111148
638816111158
638816111178
638816111198
638826222208
638826222218
638826222248
638826222258
638826222278
638826222298
638846444408
638846444418
638846444428
638846444458
638846444478
638846444498
638856555508
638856555518
638856555528
638856555548
638856555578
638856555598
638876777708
638876777718
638876777728
638876777748
638876777758
638876777798
638896999908
638896999918
638896999928
638896999948
638896999958
638896999978
639906000019
639906000029
639906000049
639906000059
639906000079
639906000089
639916111109
639916111129
639916111149
639916111159
639916111179
639916111189
639926222209
639926222219
639926222249
639926222259
639926222279
639926222289
639946444409
639946444419
639946444429
639946444459
639946444479
639946444489
639956555509
639956555519
639956555529
639956555549
639956555579
639956555589
639976777709
639976777719
639976777729
639976777749
639976777759
639976777789
639986888809
639986888819
639986888829
639986888849
639986888859
639986888879
640016111120
640016111130
640016111150
640016111170
640016111180
640016111190
640026222210
640026222230
640026222250
640026222270
640026222280
640026222290
640036333310
640036333320
640036333350
640036333370
640036333380
640036333390
640056555510
640056555520
640056555530
640056555570
640056555580
640056555590
640076777710
640076777720
640076777730
640076777750
640076777780
640076777790
640086888810
640086888820
640086888830
640086888850
640086888870
640086888890
640096999910
640096999920
640096999930
640096999950
640096999970
640096999980
641106000021
641106000031
641106000051
641106000071
641106000081
641106000091
641126222201
641126222231
641126222251
641126222271
641126222281
641126222291
641136333301
641136333321
641136333351
641136333371
641136333381
641136333391
641156555501
641156555521
641156555531
641156555571
641156555581
641156555591
641176777701
641176777721
641176777731
641176777751
641176777781
641176777791
641186888801
641186888821
641186888831
641186888851
641186888871
641186888891
641196999901
641196999921
641196999931
641196999951
641196999971
641196999981
642206000012
642206000032
642206000052
642206000072
642206000082
642206000092
642216111102
642216111132
642216111152
642216111172
642216111182
642216111192
642236333302
642236333312
642236333352
642236333372
642236333382
642236333392
642256555502
642256555512
642256555532
642256555572
642256555582
642256555592
642276777702
642276777712
642276777732
642276777752
642276777782
642276777792
642286888802
642286888812
642286888832
642286888852
642286888872
642286888892
642296999902
642296999912
642296999932
642296999952
642296999972
642296999982
643306000013
643306000023
643306000053
643306000073
643306000083
643306000093
643316111103
643316111123
643316111153
643316111173
643316111183
643316111193
643326222203
643326222213
643326222253
643326222273
643326222283
643326222293
643356555503
643356555513
643356555523
643356555573
643356555583
643356555593
643376777703
643376777713
643376777723
643376777753
643376777783
643376777793
643386888803
643386888813
643386888823
643386888853
643386888873
643386888893
643396999903
643396999913
643396999923
643396999953
643396999973
643396999983
645506000015
645506000025
645506000035
645506000075
645506000085
645506000095
645516111105
645516111125
645516111135
645516111175
645516111185
645516111195
645526222205
645526222215
645526222235
645526222275
645526222285
645526222295
645536333305
645536333315
645536333325
645536333375
645536333385
645536333395
645576777705
645576777715
645576777725
645576777735
645576777785
645576777795
645586888805
645586888815
645586888825
645586888835
645586888875
645586888895
645596999905
645596999915
645596999925
645596999935
645596999975
645596999985
647706000017
647706000027
647706000037
647706000057
647706000087
647706000097
647716111107
647716111127
647716111137
647716111157
647716111187
647716111197
647726222207
647726222217
647726222237
647726222257
647726222287
647726222297
647736333307
647736333317
647736333327
647736333357
647736333387
647736333397
647756555507
647756555517
647756555527
647756555537
647756555587
647756555597
647786888807
647786888817
647786888827
647786888837
647786888857
647786888897
647796999907
647796999917
647796999927
647796999937
647796999957
647796999987
648806000018
648806000028
648806000038
648806000058
648806000078
648806000098
648816111108
648816111128
648816111138
648816111158
648816111178
648816111198
648826222208
648826222218
648826222238
648826222258
648826222278
648826222298
648836333308
648836333318
648836333328
648836333358
648836333378
648836333398
648856555508
648856555518
648856555528
648856555538
648856555578
648856555598
648876777708
648876777718
648876777728
648876777738
648876777758
648876777798
648896999908
648896999918
648896999928
648896999938
648896999958
648896999978
649906000019
649906000029
649906000039
649906000059
649906000079
649906000089
649916111109
649916111129
649916111139
649916111159
649916111179
649916111189
649926222209
649926222219
649926222239
649926222259
649926222279
649926222289
649936333309
649936333319
649936333329
649936333359
649936333379
649936333389
649956555509
649956555519
649956555529
649956555539
649956555579
649956555589
649976777709
649976777719
649976777729
649976777739
649976777759
649976777789
649986888809
649986888819
649986888829
649986888839
649986888859
649986888879
650016111120
650016111130
650016111140
650016111170
650016111180
650016111190
650026222210
650026222230
650026222240
650026222270
650026222280
650026222290
650036333310
650036333320
650036333340
650036333370
650036333380
650036333390
650046444410
650046444420
650046444430
650046444470
650046444480
650046444490
650076777710
650076777720
650076777730
650076777740
650076777780
650076777790
650086888810
650086888820
650086888830
650086888840
650086888870
650086888890
650096999910
650096999920
650096999930
650096999940
650096999970
650096999980
651106000021
651106000031
651106000041
651106000071
651106000081
651106000091
651126222201
651126222231
651126222241
651126222271
651126222281
651126222291
651136333301
651136333321
651136333341
651136333371
651136333381
651136333391
651146444401
651146444421
651146444431
651146444471
651146444481
651146444491
651176777701
651176777721
651176777731
651176777741
651176777781
651176777791
651186888801
651186888821
651186888831
651186888841
651186888871
651186888891
651196999901
651196999921
651196999931
651196999941
651196999971
651196999981
652206000012
652206000032
652206000042
652206000072
652206000082
652206000092
652216111102
652216111132
652216111142
652216111172
652216111182
652216111192
652236333302
652236333312
652236333342
652236333372
652236333382
652236333392
652246444402
652246444412
652246444432
652246444472
652246444482
652246444492
652276777702
652276777712
652276777732
652276777742
652276777782
652276777792
652286888802
652286888812
652286888832
652286888842
652286888872
652286888892
652296999902
652296999912
652296999932
652296999942
652296999972
652296999982
653306000013
653306000023
653306000043
653306000073
653306000083
653306000093
653316111103
653316111123
653316111143
653316111173
653316111183
653316111193
653326222203
653326222213
653326222243
653326222273
653326222283
653326222293
653346444403
653346444413
653346444423
653346444473
653346444483
653346444493
653376777703
653376777713
653376777723
653376777743
653376777783
653376777793
653386888803
653386888813
653386888823
653386888843
653386888873
653386888893
653396999903
653396999913
653396999923
653396999943
653396999973
653396999983
654406000014
654406000024
654406000034
654406000074
654406000084
654406000094
654416111104
654416111124
654416111134
654416111174
654416111184
654416111194
654426222204
654426222214
654426222234
654426222274
654426222284
654426222294
654436333304
654436333314
654436333324
654436333374
654436333384
654436333394
654476777704
654476777714
654476777724
654476777734
654476777784
654476777794
654486888804
654486888814
654486888824
654486888834
654486888874
654486888894
654496999904
654496999914
654496999924
654496999934
654496999974
654496999984
657706000017
657706000027
657706000037
657706000047
657706000087
657706000097
657716111107
657716111127
657716111137
657716111147
657716111187
657716111197
657726222207
657726222217
657726222237
657726222247
657726222287
657726222297
657736333307
657736333317
657736333327
657736333347
657736333387
657736333397
657746444407
657746444417
657746444427
657746444437
657746444487
657746444497
657786888807
657786888817
657786888827
657786888837
657786888847
657786888897
657796999907
657796999917
657796999927
657796999937
657796999947
657796999987
658806000018
658806000028
658806000038
658806000048
658806000078
658806000098
658816111108
658816111128
658816111138
658816111148
658816111178
658816111198
658826222208
658826222218
658826222238
658826222248
658826222278
658826222298
658836333308
658836333318
658836333328
658836333348
658836333378
658836333398
658846444408
658846444418
658846444428
658846444438
658846444478
658846444498
658876777708
658876777718
658876777728
658876777738
658876777748
658876777798
658896999908
658896999918
658896999928
658896999938
658896999948
658896999978
659906000019
659906000029
659906000039
659906000049
659906000079
659906000089
659916111109
659916111129
659916111139
659916111149
659916111179
659916111189
659926222209
659926222219
659926222239
659926222249
659926222279
659926222289
659936333309
659936333319
659936333329
659936333349
659936333379
659936333389
659946444409
659946444419
659946444429
659946444439
659946444479
659946444489
659976777709
659976777719
659976777729
659976777739
659976777749
659976777789
659986888809
659986888819
659986888829
659986888839
659986888849
659986888879
670016111120
670016111130
670016111140
670016111150
670016111180
670016111190
670026222210
670026222230
670026222240
670026222250
670026222280
670026222290
670036333310
670036333320
670036333340
670036333350
670036333380
670036333390
670046444410
670046444420
670046444430
670046444450
670046444480
670046444490
670056555510
670056555520
670056555530
670056555540
670056555580
670056555590
670086888810
670086888820
670086888830
670086888840
670086888850
670086888890
670096999910
670096999920
670096999930
670096999940
670096999950
670096999980
671106000021
671106000031
671106000041
671106000051
671106000081
671106000091
671126222201
671126222231
671126222241
671126222251
671126222281
671126222291
671136333301
671136333321
671136333341
671136333351
671136333381
671136333391
671146444401
671146444421
671146444431
671146444451
671146444481
671146444491
671156555501
671156555521
671156555531
671156555541
671156555581
671156555591
671186888801
671186888821
671186888831
671186888841
671186888851
671186888891
671196999901
671196999921
671196999931
671196999941
671196999951
671196999981
672206000012
672206000032
672206000042
672206000052
672206000082
672206000092
672216111102
672216111132
672216111142
672216111152
672216111182
672216111192
672236333302
672236333312
672236333342
672236333352
672236333382
672236333392
672246444402
672246444412
672246444432
672246444452
672246444482
672246444492
672256555502
672256555512
672256555532
672256555542
672256555582
672256555592
672286888802
672286888812
672286888832
672286888842
672286888852
672286888892
672296999902
672296999912
672296999932
672296999942
672296999952
672296999982
673306000013
673306000023
673306000043
673306000053
673306000083
673306000093
673316111103
673316111123
673316111143
673316111153
673316111183
673316111193
673326222203
673326222213
673326222243
673326222253
673326222283
673326222293
673346444403
673346444413
673346444423
673346444453
673346444483
673346444493
673356555503
673356555513
673356555523
673356555543
673356555583
673356555593
673386888803
673386888813
673386888823
673386888843
673386888853
673386888893
673396999903
673396999913
673396999923
673396999943
673396999953
673396999983
674406000014
674406000024
674406000034
674406000054
674406000084
674406000094
674416111104
674416111124
674416111134
674416111154
674416111184
674416111194
674426222204
674426222214
674426222234
674426222254
674426222284
674426222294
674436333304
674436333314
674436333324
674436333354
674436333384
674436333394
674456555504
674456555514
674456555524
674456555534
674456555584
674456555594
674486888804
674486888814
674486888824
674486888834
674486888854
674486888894
674496999904
674496999914
674496999924
674496999934
674496999954
674496999984
675506000015
675506000025
675506000035
675506000045
675506000085
675506000095
675516111105
675516111125
675516111135
675516111145
675516111185
675516111195
675526222205
675526222215
675526222235
675526222245
675526222285
675526222295
675536333305
675536333315
675536333325
675536333345
675536333385
675536333395
675546444405
675546444415
675546444425
675546444435
675546444485
675546444495
675586888805
675586888815
675586888825
675586888835
675586888845
675586888895
675596999905
675596999915
675596999925
675596999935
675596999945
675596999985
678806000018
678806000028
678806000038
678806000048
678806000058
678806000098
678816111108
678816111128
678816111138
678816111148
678816111158
678816111198
678826222208
678826222218
678826222238
678826222248
678826222258
678826222298
678836333308
678836333318
678836333328
678836333348
678836333358
678836333398
678846444408
678846444418
678846444428
678846444438
678846444458
678846444498
678856555508
678856555518
678856555528
678856555538
678856555548
678856555598
678896999908
678896999918
678896999928
678896999938
678896999948
678896999958
679906000019
679906000029
679906000039
679906000049
679906000059
679906000089
679916111109
679916111129
679916111139
679916111149
679916111159
679916111189
679926222209
679926222219
679926222239
679926222249
679926222259
679926222289
679936333309
679936333319
679936333329
679936333349
679936333359
679936333389
679946444409
679946444419
679946444429
679946444439
679946444459
679946444489
679956555509
679956555519
679956555529
679956555539
679956555549
679956555589
679986888809
679986888819
679986888829
679986888839
679986888849
679986888859
680016111120
680016111130
680016111140
680016111150
680016111170
680016111190
680026222210
680026222230
680026222240
680026222250
680026222270
680026222290
680036333310
680036333320
680036333340
680036333350
680036333370
680036333390
680046444410
680046444420
680046444430
680046444450
680046444470
680046444490
680056555510
680056555520
680056555530
680056555540
680056555570
680056555590
680076777710
680076777720
680076777730
680076777740
680076777750
680076777790
680096999910
680096999920
680096999930
680096999940
680096999950
680096999970
681106000021
681106000031
681106000041
681106000051
681106000071
681106000091
681126222201
681126222231
681126222241
681126222251
681126222271
681126222291
681136333301
681136333321
681136333341
681136333351
681136333371
681136333391
681146444401
681146444421
681146444431
681146444451
681146444471
681146444491
681156555501
681156555521
681156555531
681156555541
681156555571
681156555591
681176777701
681176777721
681176777731
681176777741
681176777751
681176777791
681196999901
681196999921
681196999931
681196999941
681196999951
681196999971
682206000012
682206000032
682206000042
682206000052
682206000072
682206000092
682216111102
682216111132
682216111142
682216111152
682216111172
682216111192
682236333302
682236333312
682236333342
682236333352
682236333372
682236333392
682246444402
682246444412
682246444432
682246444452
682246444472
682246444492
682256555502
682256555512
682256555532
682256555542
682256555572
682256555592
682276777702
682276777712
682276777732
682276777742
682276777752
682276777792
682296999902
682296999912
682296999932
682296999942
682296999952
682296999972
683306000013
683306000023
683306000043
683306000053
683306000073
683306000093
683316111103
683316111123
683316111143
683316111153
683316111173
683316111193
683326222203
683326222213
683326222243
683326222253
683326222273
683326222293
683346444403
683346444413
683346444423
683346444453
683346444473
683346444493
683356555503
683356555513
683356555523
683356555543
683356555573
683356555593
683376777703
683376777713
683376777723
683376777743
683376777753
683376777793
683396999903
683396999913
683396999923
683396999943
683396999953
683396999973
684406000014
684406000024
684406000034
684406000054
684406000074
684406000094
684416111104
684416111124
684416111134
684416111154
684416111174
684416111194
684426222204
684426222214
684426222234
684426222254
684426222274
684426222294
684436333304
684436333314
684436333324
684436333354
684436333374
684436333394
684456555504
684456555514
684456555524
684456555534
684456555574
684456555594
684476777704
684476777714
684476777724
684476777734
684476777754
684476777794
684496999904
684496999914
684496999924
684496999934
684496999954
684496999974
685506000015
685506000025
685506000035
685506000045
685506000075
685506000095
685516111105
685516111125
685516111135
685516111145
685516111175
685516111195
685526222205
685526222215
685526222235
685526222245
685526222275
685526222295
685536333305
685536333315
685536333325
685536333345
685536333375
685536333395
685546444405
685546444415
685546444425
685546444435
685546444475
685546444495
685576777705
685576777715
685576777725
685576777735
685576777745
685576777795
685596999905
685596999915
685596999925
685596999935
685596999945
685596999975
687706000017
687706000027
687706000037
687706000047
687706000057
687706000097
687716111107
687716111127
687716111137
687716111147
687716111157
687716111197
687726222207
687726222217
687726222237
687726222247
687726222257
687726222297
687736333307
687736333317
687736333327
687736333347
687736333357
687736333397
687746444407
687746444417
687746444427
687746444437
687746444457
687746444497
687756555507
687756555517
687756555527
687756555537
687756555547
687756555597
687796999907
687796999917
687796999927
687796999937
687796999947
687796999957
689906000019
689906000029
689906000039
689906000049
689906000059
689906000079
689916111109
689916111129
689916111139
689916111149
689916111159
689916111179
689926222209
689926222219
689926222239
689926222249
689926222259
689926222279
689936333309
689936333319
689936333329
689936333349
689936333359
689936333379
689946444409
689946444419
689946444429
689946444439
689946444459
689946444479
689956555509
689956555519
689956555529
689956555539
689956555549
689956555579
689976777709
689976777719
689976777729
689976777739
689976777749
689976777759
690016111120
690016111130
690016111140
690016111150
690016111170
690016111180
690026222210
690026222230
690026222240
690026222250
690026222270
690026222280
690036333310
690036333320
690036333340
690036333350
690036333370
690036333380
690046444410
690046444420
690046444430
690046444450
690046444470
690046444480
690056555510
690056555520
690056555530
690056555540
690056555570
690056555580
690076777710
690076777720
690076777730
690076777740
690076777750
690076777780
690086888810
690086888820
690086888830
690086888840
690086888850
690086888870
691106000021
691106000031
691106000041
691106000051
691106000071
691106000081
691126222201
691126222231
691126222241
691126222251
691126222271
691126222281
691136333301
691136333321
691136333341
691136333351
691136333371
691136333381
691146444401
691146444421
691146444431
691146444451
691146444471
691146444481
691156555501
691156555521
691156555531
691156555541
691156555571
691156555581
691176777701
691176777721
691176777731
691176777741
691176777751
691176777781
691186888801
691186888821
691186888831
691186888841
691186888851
691186888871
692206000012
692206000032
692206000042
692206000052
692206000072
692206000082
692216111102
692216111132
692216111142
692216111152
692216111172
692216111182
692236333302
692236333312
692236333342
692236333352
692236333372
692236333382
692246444402
692246444412
692246444432
692246444452
692246444472
692246444482
692256555502
692256555512
692256555532
692256555542
692256555572
692256555582
692276777702
692276777712
692276777732
692276777742
692276777752
692276777782
692286888802
692286888812
692286888832
692286888842
692286888852
692286888872
693306000013
693306000023
693306000043
693306000053
693306000073
693306000083
693316111103
693316111123
693316111143
693316111153
693316111173
693316111183
693326222203
693326222213
693326222243
693326222253
693326222273
693326222283
693346444403
693346444413
693346444423
693346444453
693346444473
693346444483
693356555503
693356555513
693356555523
693356555543
693356555573
693356555583
693376777703
693376777713
693376777723
693376777743
693376777753
693376777783
693386888803
693386888813
693386888823
693386888843
693386888853
693386888873
694406000014
694406000024
694406000034
694406000054
694406000074
694406000084
694416111104
694416111124
694416111134
694416111154
694416111174
694416111184
694426222204
694426222214
694426222234
694426222254
694426222274
694426222284
694436333304
694436333314
694436333324
694436333354
694436333374
694436333384
694456555504
694456555514
694456555524
694456555534
694456555574
694456555584
694476777704
694476777714
694476777724
694476777734
694476777754
694476777784
694486888804
694486888814
694486888824
694486888834
694486888854
694486888874
695506000015
695506000025
695506000035
695506000045
695506000075
695506000085
695516111105
695516111125
695516111135
695516111145
695516111175
695516111185
695526222205
695526222215
695526222235
695526222245
695526222275
695526222285
695536333305
695536333315
695536333325
695536333345
695536333375
695536333385
695546444405
695546444415
695546444425
695546444435
695546444475
695546444485
695576777705
695576777715
695576777725
695576777735
695576777745
695576777785
695586888805
695586888815
695586888825
695586888835
695586888845
695586888875
697706000017
697706000027
697706000037
697706000047
697706000057
697706000087
697716111107
697716111127
697716111137
697716111147
697716111157
697716111187
697726222207
697726222217
697726222237
697726222247
697726222257
697726222287
697736333307
697736333317
697736333327
697736333347
697736333357
697736333387
697746444407
697746444417
697746444427
697746444437
697746444457
697746444487
697756555507
697756555517
697756555527
697756555537
697756555547
697756555587
697786888807
697786888817
697786888827
697786888837
697786888847
697786888857
698806000018
698806000028
698806000038
698806000048
698806000058
698806000078
698816111108
698816111128
698816111138
698816111148
698816111158
698816111178
698826222208
698826222218
698826222238
698826222248
698826222258
698826222278
698836333308
698836333318
698836333328
698836333348
698836333358
698836333378
698846444408
698846444418
698846444428
698846444438
698846444458
698846444478
698856555508
698856555518
698856555528
698856555538
698856555548
698856555578
698876777708
698876777718
698876777728
698876777738
698876777748
698876777758
701127222231
701127222241
701127222251
701127222261
701127222281
701127222291
701137333321
701137333341
701137333351
701137333361
701137333381
701137333391
701147444421
701147444431
701147444451
701147444461
701147444481
701147444491
701157555521
701157555531
701157555541
701157555561
701157555581
701157555591
701167666621
701167666631
701167666641
701167666651
701167666681
701167666691
701187888821
701187888831
701187888841
701187888851
701187888861
701187888891
701197999921
701197999931
701197999941
701197999951
701197999961
701197999981
702217111132
702217111142
702217111152
702217111162
702217111182
702217111192
702237333312
702237333342
702237333352
702237333362
702237333382
702237333392
702247444412
702247444432
702247444452
702247444462
702247444482
702247444492
702257555512
702257555532
702257555542
702257555562
702257555582
702257555592
702267666612
702267666632
702267666642
702267666652
702267666682
702267666692
702287888812
702287888832
702287888842
702287888852
702287888862
702287888892
702297999912
702297999932
702297999942
702297999952
702297999962
702297999982
703317111123
703317111143
703317111153
703317111163
703317111183
703317111193
703327222213
703327222243
703327222253
703327222263
703327222283
703327222293
703347444413
703347444423
703347444453
703347444463
703347444483
703347444493
703357555513
703357555523
703357555543
703357555563
703357555583
703357555593
703367666613
703367666623
703367666643
703367666653
703367666683
703367666693
703387888813
703387888823
703387888843
703387888853
703387888863
703387888893
703397999913
703397999923
703397999943
703397999953
703397999963
703397999983
704417111124
704417111134
704417111154
704417111164
704417111184
704417111194
704427222214
704427222234
704427222254
704427222264
704427222284
704427222294
704437333314
704437333324
704437333354
704437333364
704437333384
704437333394
704457555514
704457555524
704457555534
704457555564
704457555584
704457555594
704467666614
704467666624
704467666634
704467666654
704467666684
704467666694
704487888814
704487888824
704487888834
704487888854
704487888864
704487888894
704497999914
704497999924
704497999934
704497999954
704497999964
704497999984
705517111125
705517111135
705517111145
705517111165
705517111185
705517111195
705527222215
705527222235
705527222245
705527222265
705527222285
705527222295
705537333315
705537333325
705537333345
705537333365
705537333385
705537333395
705547444415
705547444425
705547444435
705547444465
705547444485
705547444495
705567666615
705567666625
705567666635
705567666645
705567666685
705567666695
705587888815
705587888825
705587888835
705587888845
705587888865
705587888895
705597999915
705597999925
705597999935
705597999945
705597999965
705597999985
706617111126
706617111136
706617111146
706617111156
706617111186
706617111196
706627222216
706627222236
706627222246
706627222256
706627222286
706627222296
706637333316
706637333326
706637333346
706637333356
706637333386
706637333396
706647444416
706647444426
706647444436
706647444456
706647444486
706647444496
706657555516
706657555526
706657555536
706657555546
706657555586
706657555596
706687888816
706687888826
706687888836
706687888846
706687888856
706687888896
706697999916
706697999926
706697999936
706697999946
706697999956
706697999986
708817111128
708817111138
708817111148
708817111158
708817111168
708817111198
708827222218
708827222238
708827222248
708827222258
708827222268
708827222298
708837333318
708837333328
708837333348
708837333358
708837333368
708837333398
708847444418
708847444428
708847444438
708847444458
708847444468
708847444498
708857555518
708857555528
708857555538
708857555548
708857555568
708857555598
708867666618
708867666628
708867666638
708867666648
708867666658
708867666698
708897999918
708897999928
708897999938
708897999948
708897999958
708897999968
709917111129
709917111139
709917111149
709917111159
709917111169
709917111189
709927222219
709927222239
709927222249
709927222259
709927222269
709927222289
709937333319
709937333329
709937333349
709937333359
709937333369
709937333389
709947444419
709947444429
709947444439
709947444459
709947444469
709947444489
709957555519
709957555529
709957555539
709957555549
709957555569
709957555589
709967666619
709967666629
709967666639
709967666649
709967666659
709967666689
709987888819
709987888829
709987888839
709987888849
709987888859
709987888869
710027222230
710027222240
710027222250
710027222260
710027222280
710027222290
710037333320
710037333340
710037333350
710037333360
710037333380
710037333390
710047444420
710047444430
710047444450
710047444460
710047444480
710047444490
710057555520
710057555530
710057555540
710057555560
710057555580
710057555590
710067666620
710067666630
710067666640
710067666650
710067666680
710067666690
710087888820
710087888830
710087888840
710087888850
710087888860
710087888890
710097999920
710097999930
710097999940
710097999950
710097999960
710097999980
712207000032
712207000042
712207000052
712207000062
712207000082
712207000092
712237333302
712237333342
712237333352
712237333362
712237333382
712237333392
712247444402
712247444432
712247444452
712247444462
712247444482
712247444492
712257555502
712257555532
712257555542
712257555562
712257555582
712257555592
712267666602
712267666632
712267666642
712267666652
712267666682
712267666692
712287888802
712287888832
712287888842
712287888852
712287888862
712287888892
712297999902
712297999932
712297999942
712297999952
712297999962
712297999982
713307000023
713307000043
713307000053
713307000063
713307000083
713307000093
713327222203
713327222243
713327222253
713327222263
713327222283
713327222293
713347444403
713347444423
713347444453
713347444463
713347444483
713347444493
713357555503
713357555523
713357555543
713357555563
713357555583
713357555593
713367666603
713367666623
713367666643
713367666653
713367666683
713367666693
713387888803
713387888823
713387888843
713387888853
713387888863
713387888893
713397999903
713397999923
713397999943
713397999953
713397999963
713397999983
714407000024
714407000034
714407000054
714407000064
714407000084
714407000094
714427222204
714427222234
714427222254
714427222264
714427222284
714427222294
714437333304
714437333324
714437333354
714437333364
714437333384
714437333394
714457555504
714457555524
714457555534
714457555564
714457555584
714457555594
714467666604
714467666624
714467666634
714467666654
714467666684
714467666694
714487888804
714487888824
714487888834
714487888854
714487888864
714487888894
714497999904
714497999924
714497999934
714497999954
714497999964
714497999984
715507000025
715507000035
715507000045
715507000065
715507000085
715507000095
715527222205
715527222235
715527222245
715527222265
715527222285
715527222295
715537333305
715537333325
715537333345
715537333365
715537333385
715537333395
715547444405
715547444425
715547444435
715547444465
715547444485
715547444495
715567666605
715567666625
715567666635
715567666645
715567666685
715567666695
715587888805
715587888825
715587888835
715587888845
715587888865
715587888895
715597999905
715597999925
715597999935
715597999945
715597999965
715597999985
716607000026
716607000036
716607000046
716607000056
716607000086
716607000096
716627222206
716627222236
716627222246
716627222256
716627222286
716627222296
716637333306
716637333326
716637333346
716637333356
716637333386
716637333396
716647444406
716647444426
716647444436
716647444456
716647444486
716647444496
716657555506
716657555526
716657555536
716657555546
716657555586
716657555596
716687888806
716687888826
716687888836
716687888846
716687888856
716687888896
716697999906
716697999926
716697999936
716697999946
716697999956
716697999986
718807000028
718807000038
718807000048
718807000058
718807000068
718807000098
718827222208
718827222238
718827222248
718827222258
718827222268
718827222298
718837333308
718837333328
718837333348
718837333358
718837333368
718837333398
718847444408
718847444428
718847444438
718847444458
718847444468
718847444498
718857555508
718857555528
718857555538
718857555548
718857555568
718857555598
718867666608
718867666628
718867666638
718867666648
718867666658
718867666698
718897999908
718897999928
718897999938
718897999948
718897999958
718897999968
719907000029
719907000039
719907000049
719907000059
719907000069
719907000089
719927222209
719927222239
719927222249
719927222259
719927222269
719927222289
719937333309
719937333329
719937333349
719937333359
719937333369
719937333389
719947444409
719947444429
719947444439
719947444459
719947444469
719947444489
719957555509
719957555529
719957555539
719957555549
719957555569
719957555589
719967666609
719967666629
719967666639
719967666649
719967666659
719967666689
719987888809
719987888829
719987888839
719987888849
719987888859
719987888869
720017111130
720017111140
720017111150
720017111160
720017111180
720017111190
720037333310
720037333340
720037333350
720037333360
720037333380
720037333390
720047444410
720047444430
720047444450
720047444460
720047444480
720047444490
720057555510
720057555530
720057555540
720057555560
720057555580
720057555590
720067666610
720067666630
720067666640
720067666650
720067666680
720067666690
720087888810
720087888830
720087888840
720087888850
720087888860
720087888890
720097999910
720097999930
720097999940
720097999950
720097999960
720097999980
721107000031
721107000041
721107000051
721107000061
721107000081
721107000091
721137333301
721137333341
721137333351
721137333361
721137333381
721137333391
721147444401
721147444431
721147444451
721147444461
721147444481
721147444491
721157555501
721157555531
721157555541
721157555561
721157555581
721157555591
721167666601
721167666631
721167666641
721167666651
721167666681
721167666691
721187888801
721187888831
721187888841
721187888851
721187888861
721187888891
721197999901
721197999931
721197999941
721197999951
721197999961
721197999981
723307000013
723307000043
723307000053
723307000063
723307000083
723307000093
723317111103
723317111143
723317111153
723317111163
723317111183
723317111193
723347444403
723347444413
723347444453
723347444463
723347444483
723347444493
723357555503
723357555513
723357555543
723357555563
723357555583
723357555593
723367666603
723367666613
723367666643
723367666653
723367666683
723367666693
723387888803
723387888813
723387888843
723387888853
723387888863
723387888893
723397999903
723397999913
723397999943
723397999953
723397999963
723397999983
724407000014
724407000034
724407000054
724407000064
724407000084
724407000094
724417111104
724417111134
724417111154
724417111164
724417111184
724417111194
724437333304
724437333314
724437333354
724437333364
724437333384
724437333394
724457555504
724457555514
724457555534
724457555564
724457555584
724457555594
724467666604
724467666614
724467666634
724467666654
724467666684
724467666694
724487888804
724487888814
724487888834
724487888854
724487888864
724487888894
724497999904
724497999914
724497999934
724497999954
724497999964
724497999984
725507000015
725507000035
725507000045
725507000065
725507000085
725507000095
725517111105
725517111135
725517111145
725517111165
725517111185
725517111195
725537333305
725537333315
725537333345
725537333365
725537333385
725537333395
725547444405
725547444415
725547444435
725547444465
725547444485
725547444495
725567666605
725567666615
725567666635
725567666645
725567666685
725567666695
725587888805
725587888815
725587888835
725587888845
725587888865
725587888895
725597999905
725597999915
725597999935
725597999945
725597999965
725597999985
726607000016
726607000036
726607000046
726607000056
726607000086
726607000096
726617111106
726617111136
726617111146
726617111156
726617111186
726617111196
726637333306
726637333316
726637333346
726637333356
726637333386
726637333396
726647444406
726647444416
726647444436
726647444456
726647444486
726647444496
726657555506
726657555516
726657555536
726657555546
726657555586
726657555596
726687888806
726687888816
726687888836
726687888846
726687888856
726687888896
726697999906
726697999916
726697999936
726697999946
726697999956
726697999986
728807000018
728807000038
728807000048
728807000058
728807000068
728807000098
728817111108
728817111138
728817111148
728817111158
728817111168
728817111198
728837333308
728837333318
728837333348
728837333358
728837333368
728837333398
728847444408
728847444418
728847444438
728847444458
728847444468
728847444498
728857555508
728857555518
728857555538
728857555548
728857555568
728857555598
728867666608
728867666618
728867666638
728867666648
728867666658
728867666698
728897999908
728897999918
728897999938
728897999948
728897999958
728897999968
729907000019
729907000039
729907000049
729907000059
729907000069
729907000089
729917111109
729917111139
729917111149
729917111159
729917111169
729917111189
729937333309
729937333319
729937333349
729937333359
729937333369
729937333389
729947444409
729947444419
729947444439
729947444459
729947444469
729947444489
729957555509
729957555519
729957555539
729957555549
729957555569
729957555589
729967666609
729967666619
729967666639
729967666649
729967666659
729967666689
729987888809
729987888819
729987888839
729987888849
729987888859
729987888869
730017111120
730017111140
730017111150
730017111160
730017111180
730017111190
730027222210
730027222240
730027222250
730027222260
730027222280
730027222290
730047444410
730047444420
730047444450
730047444460
730047444480
730047444490
730057555510
730057555520
730057555540
730057555560
730057555580
730057555590
730067666610
730067666620
730067666640
730067666650
730067666680
730067666690
730087888810
730087888820
730087888840
730087888850
730087888860
730087888890
730097999910
730097999920
730097999940
730097999950
730097999960
730097999980
731107000021
731107000041
731107000051
731107000061
731107000081
731107000091
731127222201
731127222241
731127222251
731127222261
731127222281
731127222291
731147444401
731147444421
731147444451
731147444461
731147444481
731147444491
731157555501
731157555521
731157555541
731157555561
731157555581
731157555591
731167666601
731167666621
731167666641
731167666651
731167666681
731167666691
731187888801
731187888821
731187888841
731187888851
731187888861
731187888891
731197999901
731197999921
731197999941
731197999951
731197999961
731197999981
732207000012
732207000042
732207000052
732207000062
732207000082
732207000092
732217111102
732217111142
732217111152
732217111162
732217111182
732217111192
732247444402
732247444412
732247444452
732247444462
732247444482
732247444492
732257555502
732257555512
732257555542
732257555562
732257555582
732257555592
732267666602
732267666612
732267666642
732267666652
732267666682
732267666692
732287888802
732287888812
732287888842
732287888852
732287888862
732287888892
732297999902
732297999912
732297999942
732297999952
732297999962
732297999982
734407000014
734407000024
734407000054
734407000064
734407000084
734407000094
734417111104
734417111124
734417111154
734417111164
734417111184
734417111194
734427222204
734427222214
734427222254
734427222264
734427222284
734427222294
734457555504
734457555514
734457555524
734457555564
734457555584
734457555594
734467666604
734467666614
734467666624
734467666654
734467666684
734467666694
734487888804
734487888814
734487888824
734487888854
734487888864
734487888894
734497999904
734497999914
734497999924
734497999954
734497999964
734497999984
735507000015
735507000025
735507000045
735507000065
735507000085
735507000095
735517111105
735517111125
735517111145
735517111165
735517111185
735517111195
735527222205
735527222215
735527222245
735527222265
735527222285
735527222295
735547444405
735547444415
735547444425
735547444465
735547444485
735547444495
735567666605
735567666615
735567666625
735567666645
735567666685
735567666695
735587888805
735587888815
735587888825
735587888845
735587888865
735587888895
735597999905
735597999915
735597999925
735597999945
735597999965
735597999985
736607000016
736607000026
736607000046
736607000056
736607000086
736607000096
736617111106
736617111126
736617111146
736617111156
736617111186
736617111196
736627222206
736627222216
736627222246
736627222256
736627222286
736627222296
736647444406
736647444416
736647444426
736647444456
736647444486
736647444496
736657555506
736657555516
736657555526
736657555546
736657555586
736657555596
736687888806
736687888816
736687888826
736687888846
736687888856
736687888896
736697999906
736697999916
736697999926
736697999946
736697999956
736697999986
738807000018
738807000028
738807000048
738807000058
738807000068
738807000098
738817111108
738817111128
738817111148
738817111158
738817111168
738817111198
738827222208
738827222218
738827222248
738827222258
738827222268
738827222298
738847444408
738847444418
738847444428
738847444458
738847444468
738847444498
738857555508
738857555518
738857555528
738857555548
738857555568
738857555598
738867666608
738867666618
738867666628
738867666648
738867666658
738867666698
738897999908
738897999918
738897999928
738897999948
738897999958
738897999968
739907000019
739907000029
739907000049
739907000059
739907000069
739907000089
739917111109
739917111129
739917111149
739917111159
739917111169
739917111189
739927222209
739927222219
739927222249
739927222259
739927222269
739927222289
739947444409
739947444419
739947444429
739947444459
739947444469
739947444489
739957555509
739957555519
739957555529
739957555549
739957555569
739957555589
739967666609
739967666619
739967666629
739967666649
739967666659
739967666689
739987888809
739987888819
739987888829
739987888849
739987888859
739987888869
740017111120
740017111130
740017111150
740017111160
740017111180
740017111190
740027222210
740027222230
740027222250
740027222260
740027222280
740027222290
740037333310
740037333320
740037333350
740037333360
740037333380
740037333390
740057555510
740057555520
740057555530
740057555560
740057555580
740057555590
740067666610
740067666620
740067666630
740067666650
740067666680
740067666690
740087888810
740087888820
740087888830
740087888850
740087888860
740087888890
740097999910
740097999920
740097999930
740097999950
740097999960
740097999980
741107000021
741107000031
741107000051
741107000061
741107000081
741107000091
741127222201
741127222231
741127222251
741127222261
741127222281
741127222291
741137333301
741137333321
741137333351
741137333361
741137333381
741137333391
741157555501
741157555521
741157555531
741157555561
741157555581
741157555591
741167666601
741167666621
741167666631
741167666651
741167666681
741167666691
741187888801
741187888821
741187888831
741187888851
741187888861
741187888891
741197999901
741197999921
741197999931
741197999951
741197999961
741197999981
742207000012
742207000032
742207000052
742207000062
742207000082
742207000092
742217111102
742217111132
742217111152
742217111162
742217111182
742217111192
742237333302
742237333312
742237333352
742237333362
742237333382
742237333392
742257555502
742257555512
742257555532
742257555562
742257555582
742257555592
742267666602
742267666612
742267666632
742267666652
742267666682
742267666692
742287888802
742287888812
742287888832
742287888852
742287888862
742287888892
742297999902
742297999912
742297999932
742297999952
742297999962
742297999982
743307000013
743307000023
743307000053
743307000063
743307000083
743307000093
743317111103
743317111123
743317111153
743317111163
743317111183
743317111193
743327222203
743327222213
743327222253
743327222263
743327222283
743327222293
743357555503
743357555513
743357555523
743357555563
743357555583
743357555593
743367666603
743367666613
743367666623
743367666653
743367666683
743367666693
743387888803
743387888813
743387888823
743387888853
743387888863
743387888893
743397999903
743397999913
743397999923
743397999953
743397999963
743397999983
745507000015
745507000025
745507000035
745507000065
745507000085
745507000095
745517111105
745517111125
745517111135
745517111165
745517111185
745517111195
745527222205
745527222215
745527222235
745527222265
745527222285
745527222295
745537333305
745537333315
745537333325
745537333365
745537333385
745537333395
745567666605
745567666615
745567666625
745567666635
745567666685
745567666695
745587888805
745587888815
745587888825
745587888835
745587888865
745587888895
745597999905
745597999915
745597999925
745597999935
745597999965
745597999985
746607000016
746607000026
746607000036
746607000056
746607000086
746607000096
746617111106
746617111126
746617111136
746617111156
746617111186
746617111196
746627222206
746627222216
746627222236
746627222256
746627222286
746627222296
746637333306
746637333316
746637333326
746637333356
746637333386
746637333396
746657555506
746657555516
746657555526
746657555536
746657555586
746657555596
746687888806
746687888816
746687888826
746687888836
746687888856
746687888896
746697999906
746697999916
746697999926
746697999936
746697999956
746697999986
748807000018
748807000028
748807000038
748807000058
748807000068
748807000098
748817111108
748817111128
748817111138
748817111158
748817111168
748817111198
748827222208
748827222218
748827222238
748827222258
748827222268
748827222298
748837333308
748837333318
748837333328
748837333358
748837333368
748837333398
748857555508
748857555518
748857555528
748857555538
748857555568
748857555598
748867666608
748867666618
748867666628
748867666638
748867666658
748867666698
748897999908
748897999918
748897999928
748897999938
748897999958
748897999968
749907000019
749907000029
749907000039
749907000059
749907000069
749907000089
749917111109
749917111129
749917111139
749917111159
749917111169
749917111189
749927222209
749927222219
749927222239
749927222259
749927222269
749927222289
749937333309
749937333319
749937333329
749937333359
749937333369
749937333389
749957555509
749957555519
749957555529
749957555539
749957555569
749957555589
749967666609
749967666619
749967666629
749967666639
749967666659
749967666689
749987888809
749987888819
749987888829
749987888839
749987888859
749987888869
750017111120
750017111130
750017111140
750017111160
750017111180
750017111190
750027222210
750027222230
750027222240
750027222260
750027222280
750027222290
750037333310
750037333320
750037333340
750037333360
750037333380
750037333390
750047444410
750047444420
750047444430
750047444460
750047444480
750047444490
750067666610
750067666620
750067666630
750067666640
750067666680
750067666690
750087888810
750087888820
750087888830
750087888840
750087888860
750087888890
750097999910
750097999920
750097999930
750097999940
750097999960
750097999980
751107000021
751107000031
751107000041
751107000061
751107000081
751107000091
751127222201
751127222231
751127222241
751127222261
751127222281
751127222291
751137333301
751137333321
751137333341
751137333361
751137333381
751137333391
751147444401
751147444421
751147444431
751147444461
751147444481
751147444491
751167666601
751167666621
751167666631
751167666641
751167666681
751167666691
751187888801
751187888821
751187888831
751187888841
751187888861
751187888891
751197999901
751197999921
751197999931
751197999941
751197999961
751197999981
752207000012
752207000032
752207000042
752207000062
752207000082
752207000092
752217111102
752217111132
752217111142
752217111162
752217111182
752217111192
752237333302
752237333312
752237333342
752237333362
752237333382
752237333392
752247444402
752247444412
752247444432
752247444462
752247444482
752247444492
752267666602
752267666612
752267666632
752267666642
752267666682
752267666692
752287888802
752287888812
752287888832
752287888842
752287888862
752287888892
752297999902
752297999912
752297999932
752297999942
752297999962
752297999982
753307000013
753307000023
753307000043
753307000063
753307000083
753307000093
753317111103
753317111123
753317111143
753317111163
753317111183
753317111193
753327222203
753327222213
753327222243
753327222263
753327222283
753327222293
753347444403
753347444413
753347444423
753347444463
753347444483
753347444493
753367666603
753367666613
753367666623
753367666643
753367666683
753367666693
753387888803
753387888813
753387888823
753387888843
753387888863
753387888893
753397999903
753397999913
753397999923
753397999943
753397999963
753397999983
754407000014
754407000024
754407000034
754407000064
754407000084
754407000094
754417111104
754417111124
754417111134
754417111164
754417111184
754417111194
754427222204
754427222214
754427222234
754427222264
754427222284
754427222294
754437333304
754437333314
754437333324
754437333364
754437333384
754437333394
754467666604
754467666614
754467666624
754467666634
754467666684
754467666694
754487888804
754487888814
754487888824
754487888834
754487888864
754487888894
754497999904
754497999914
754497999924
754497999934
754497999964
754497999984
756607000016
756607000026
756607000036
756607000046
756607000086
756607000096
756617111106
756617111126
756617111136
756617111146
756617111186
756617111196
756627222206
756627222216
756627222236
756627222246
756627222286
756627222296
756637333306
756637333316
756637333326
756637333346
756637333386
756637333396
756647444406
756647444416
756647444426
756647444436
756647444486
756647444496
756687888806
756687888816
756687888826
756687888836
756687888846
756687888896
756697999906
756697999916
756697999926
756697999936
756697999946
756697999986
758807000018
758807000028
758807000038
758807000048
758807000068
758807000098
758817111108
758817111128
758817111138
758817111148
758817111168
758817111198
758827222208
758827222218
758827222238
758827222248
758827222268
758827222298
758837333308
758837333318
758837333328
758837333348
758837333368
758837333398
758847444408
758847444418
758847444428
758847444438
758847444468
758847444498
758867666608
758867666618
758867666628
758867666638
758867666648
758867666698
758897999908
758897999918
758897999928
758897999938
758897999948
758897999968
759907000019
759907000029
759907000039
759907000049
759907000069
759907000089
759917111109
759917111129
759917111139
759917111149
759917111169
759917111189
759927222209
759927222219
759927222239
759927222249
759927222269
759927222289
759937333309
759937333319
759937333329
759937333349
759937333369
759937333389
759947444409
759947444419
759947444429
759947444439
759947444469
759947444489
759967666609
759967666619
759967666629
759967666639
759967666649
759967666689
759987888809
759987888819
759987888829
759987888839
759987888849
759987888869
760017111120
760017111130
760017111140
760017111150
760017111180
760017111190
760027222210
760027222230
760027222240
760027222250
760027222280
760027222290
760037333310
760037333320
760037333340
760037333350
760037333380
760037333390
760047444410
760047444420
760047444430
760047444450
760047444480
760047444490
760057555510
760057555520
760057555530
760057555540
760057555580
760057555590
760087888810
760087888820
760087888830
760087888840
760087888850
760087888890
760097999910
760097999920
760097999930
760097999940
760097999950
760097999980
761107000021
761107000031
761107000041
761107000051
761107000081
761107000091
761127222201
761127222231
761127222241
761127222251
761127222281
761127222291
761137333301
761137333321
761137333341
761137333351
761137333381
761137333391
761147444401
761147444421
761147444431
761147444451
761147444481
761147444491
761157555501
761157555521
761157555531
761157555541
761157555581
761157555591
761187888801
761187888821
761187888831
761187888841
761187888851
761187888891
761197999901
761197999921
761197999931
761197999941
761197999951
761197999981
762207000012
762207000032
762207000042
762207000052
762207000082
762207000092
762217111102
762217111132
762217111142
762217111152
762217111182
762217111192
762237333302
762237333312
762237333342
762237333352
762237333382
762237333392
762247444402
762247444412
762247444432
762247444452
762247444482
762247444492
762257555502
762257555512
762257555532
762257555542
762257555582
762257555592
762287888802
762287888812
762287888832
762287888842
762287888852
762287888892
762297999902
762297999912
762297999932
762297999942
762297999952
762297999982
763307000013
763307000023
763307000043
763307000053
763307000083
763307000093
763317111103
763317111123
763317111143
763317111153
763317111183
763317111193
763327222203
763327222213
763327222243
763327222253
763327222283
763327222293
763347444403
763347444413
763347444423
763347444453
763347444483
763347444493
763357555503
763357555513
763357555523
763357555543
763357555583
763357555593
763387888803
763387888813
763387888823
763387888843
763387888853
763387888893
763397999903
763397999913
763397999923
763397999943
763397999953
763397999983
764407000014
764407000024
764407000034
764407000054
764407000084
764407000094
764417111104
764417111124
764417111134
764417111154
764417111184
764417111194
764427222204
764427222214
764427222234
764427222254
764427222284
764427222294
764437333304
764437333314
764437333324
764437333354
764437333384
764437333394
764457555504
764457555514
764457555524
764457555534
764457555584
764457555594
764487888804
764487888814
764487888824
764487888834
764487888854
764487888894
764497999904
764497999914
764497999924
764497999934
764497999954
764497999984
765507000015
765507000025
765507000035
765507000045
765507000085
765507000095
765517111105
765517111125
765517111135
765517111145
765517111185
765517111195
765527222205
765527222215
765527222235
765527222245
765527222285
765527222295
765537333305
765537333315
765537333325
765537333345
765537333385
765537333395
765547444405
765547444415
765547444425
765547444435
765547444485
765547444495
765587888805
765587888815
765587888825
765587888835
765587888845
765587888895
765597999905
765597999915
765597999925
765597999935
765597999945
765597999985
768807000018
768807000028
768807000038
768807000048
768807000058
768807000098
768817111108
768817111128
768817111138
768817111148
768817111158
768817111198
768827222208
768827222218
768827222238
768827222248
768827222258
768827222298
768837333308
768837333318
768837333328
768837333348
768837333358
768837333398
768847444408
768847444418
768847444428
768847444438
768847444458
768847444498
768857555508
768857555518
768857555528
768857555538
768857555548
768857555598
768897999908
768897999918
768897999928
768897999938
768897999948
768897999958
769907000019
769907000029
769907000039
769907000049
769907000059
769907000089
769917111109
769917111129
769917111139
769917111149
769917111159
769917111189
769927222209
769927222219
769927222239
769927222249
769927222259
769927222289
769937333309
769937333319
769937333329
769937333349
769937333359
769937333389
769947444409
769947444419
769947444429
769947444439
769947444459
769947444489
769957555509
769957555519
769957555529
769957555539
769957555549
769957555589
769987888809
769987888819
769987888829
769987888839
769987888849
769987888859
780017111120
780017111130
780017111140
780017111150
780017111160
780017111190
780027222210
780027222230
780027222240
780027222250
780027222260
780027222290
780037333310
780037333320
780037333340
780037333350
780037333360
780037333390
780047444410
780047444420
780047444430
780047444450
780047444460
780047444490
780057555510
780057555520
780057555530
780057555540
780057555560
780057555590
780067666610
780067666620
780067666630
780067666640
780067666650
780067666690
780097999910
780097999920
780097999930
780097999940
780097999950
780097999960
781107000021
781107000031
781107000041
781107000051
781107000061
781107000091
781127222201
781127222231
781127222241
781127222251
781127222261
781127222291
781137333301
781137333321
781137333341
781137333351
781137333361
781137333391
781147444401
781147444421
781147444431
781147444451
781147444461
781147444491
781157555501
781157555521
781157555531
781157555541
781157555561
781157555591
781167666601
781167666621
781167666631
781167666641
781167666651
781167666691
781197999901
781197999921
781197999931
781197999941
781197999951
781197999961
782207000012
782207000032
782207000042
782207000052
782207000062
782207000092
782217111102
782217111132
782217111142
782217111152
782217111162
782217111192
782237333302
782237333312
782237333342
782237333352
782237333362
782237333392
782247444402
782247444412
782247444432
782247444452
782247444462
782247444492
782257555502
782257555512
782257555532
782257555542
782257555562
782257555592
782267666602
782267666612
782267666632
782267666642
782267666652
782267666692
782297999902
782297999912
782297999932
782297999942
782297999952
782297999962
783307000013
783307000023
783307000043
783307000053
783307000063
783307000093
783317111103
783317111123
783317111143
783317111153
783317111163
783317111193
783327222203
783327222213
783327222243
783327222253
783327222263
783327222293
783347444403
783347444413
783347444423
783347444453
783347444463
783347444493
783357555503
783357555513
783357555523
783357555543
783357555563
783357555593
783367666603
783367666613
783367666623
783367666643
783367666653
783367666693
783397999903
783397999913
783397999923
783397999943
783397999953
783397999963
784407000014
784407000024
784407000034
784407000054
784407000064
784407000094
784417111104
784417111124
784417111134
784417111154
784417111164
784417111194
784427222204
784427222214
784427222234
784427222254
784427222264
784427222294
784437333304
784437333314
784437333324
784437333354
784437333364
784437333394
784457555504
784457555514
784457555524
784457555534
784457555564
784457555594
784467666604
784467666614
784467666624
784467666634
784467666654
784467666694
784497999904
784497999914
784497999924
784497999934
784497999954
784497999964
785507000015
785507000025
785507000035
785507000045
785507000065
785507000095
785517111105
785517111125
785517111135
785517111145
785517111165
785517111195
785527222205
785527222215
785527222235
785527222245
785527222265
785527222295
785537333305
785537333315
785537333325
785537333345
785537333365
785537333395
785547444405
785547444415
785547444425
785547444435
785547444465
785547444495
785567666605
785567666615
785567666625
785567666635
785567666645
785567666695
785597999905
785597999915
785597999925
785597999935
785597999945
785597999965
786607000016
786607000026
786607000036
786607000046
786607000056
786607000096
786617111106
786617111126
786617111136
786617111146
786617111156
786617111196
786627222206
786627222216
786627222236
786627222246
786627222256
786627222296
786637333306
786637333316
786637333326
786637333346
786637333356
786637333396
786647444406
786647444416
786647444426
786647444436
786647444456
786647444496
786657555506
786657555516
786657555526
786657555536
786657555546
786657555596
786697999906
786697999916
786697999926
786697999936
786697999946
786697999956
789907000019
789907000029
789907000039
789907000049
789907000059
789907000069
789917111109
789917111129
789917111139
789917111149
789917111159
789917111169
789927222209
789927222219
789927222239
789927222249
789927222259
789927222269
789937333309
789937333319
789937333329
789937333349
789937333359
789937333369
789947444409
789947444419
789947444429
789947444439
789947444459
789947444469
789957555509
789957555519
789957555529
789957555539
789957555549
789957555569
789967666609
789967666619
789967666629
789967666639
789967666649
789967666659
790017111120
790017111130
790017111140
790017111150
790017111160
790017111180
790027222210
790027222230
790027222240
790027222250
790027222260
790027222280
790037333310
790037333320
790037333340
790037333350
790037333360
790037333380
790047444410
790047444420
790047444430
790047444450
790047444460
790047444480
790057555510
790057555520
790057555530
790057555540
790057555560
790057555580
790067666610
790067666620
790067666630
790067666640
790067666650
790067666680
790087888810
790087888820
790087888830
790087888840
790087888850
790087888860
791107000021
791107000031
791107000041
791107000051
791107000061
791107000081
791127222201
791127222231
791127222241
791127222251
791127222261
791127222281
791137333301
791137333321
791137333341
791137333351
791137333361
791137333381
791147444401
791147444421
791147444431
791147444451
791147444461
791147444481
791157555501
791157555521
791157555531
791157555541
791157555561
791157555581
791167666601
791167666621
791167666631
791167666641
791167666651
791167666681
791187888801
791187888821
791187888831
791187888841
791187888851
791187888861
792207000012
792207000032
792207000042
792207000052
792207000062
792207000082
792217111102
792217111132
792217111142
792217111152
792217111162
792217111182
792237333302
792237333312
792237333342
792237333352
792237333362
792237333382
792247444402
792247444412
792247444432
792247444452
792247444462
792247444482
792257555502
792257555512
792257555532
792257555542
792257555562
792257555582
792267666602
792267666612
792267666632
792267666642
792267666652
792267666682
792287888802
792287888812
792287888832
792287888842
792287888852
792287888862
793307000013
793307000023
793307000043
793307000053
793307000063
793307000083
793317111103
793317111123
793317111143
793317111153
793317111163
793317111183
793327222203
793327222213
793327222243
793327222253
793327222263
793327222283
793347444403
793347444413
793347444423
793347444453
793347444463
793347444483
793357555503
793357555513
793357555523
793357555543
793357555563
793357555583
793367666603
793367666613
793367666623
793367666643
793367666653
793367666683
793387888803
793387888813
793387888823
793387888843
793387888853
793387888863
794407000014
794407000024
794407000034
794407000054
794407000064
794407000084
794417111104
794417111124
794417111134
794417111154
794417111164
794417111184
794427222204
794427222214
794427222234
794427222254
794427222264
794427222284
794437333304
794437333314
794437333324
794437333354
794437333364
794437333384
794457555504
794457555514
794457555524
794457555534
794457555564
794457555584
794467666604
794467666614
794467666624
794467666634
794467666654
794467666684
794487888804
794487888814
794487888824
794487888834
794487888854
794487888864
795507000015
795507000025
795507000035
795507000045
795507000065
795507000085
795517111105
795517111125
795517111135
795517111145
795517111165
795517111185
795527222205
795527222215
795527222235
795527222245
795527222265
795527222285
795537333305
795537333315
795537333325
795537333345
795537333365
795537333385
795547444405
795547444415
795547444425
795547444435
795547444465
795547444485
795567666605
795567666615
795567666625
795567666635
795567666645
795567666685
795587888805
795587888815
795587888825
795587888835
795587888845
795587888865
796607000016
796607000026
796607000036
796607000046
796607000056
796607000086
796617111106
796617111126
796617111136
796617111146
796617111156
796617111186
796627222206
796627222216
796627222236
796627222246
796627222256
796627222286
796637333306
796637333316
796637333326
796637333346
796637333356
796637333386
796647444406
796647444416
796647444426
796647444436
796647444456
796647444486
796657555506
796657555516
796657555526
796657555536
796657555546
796657555586
796687888806
796687888816
796687888826
796687888836
796687888846
796687888856
798807000018
798807000028
798807000038
798807000048
798807000058
798807000068
798817111108
798817111128
798817111138
798817111148
798817111158
798817111168
798827222208
798827222218
798827222238
798827222248
798827222258
798827222268
798837333308
798837333318
798837333328
798837333348
798837333358
798837333368
798847444408
798847444418
798847444428
798847444438
798847444458
798847444468
798857555508
798857555518
798857555528
798857555538
798857555548
798857555568
798867666608
798867666618
798867666628
798867666638
798867666648
798867666658
801128222231
801128222241
801128222251
801128222261
801128222271
801128222291
801138333321
801138333341
801138333351
801138333361
801138333371
801138333391
801148444421
801148444431
801148444451
801148444461
801148444471
801148444491
801158555521
801158555531
801158555541
801158555561
801158555571
801158555591
801168666621
801168666631
801168666641
801168666651
801168666671
801168666691
801178777721
801178777731
801178777741
801178777751
801178777761
801178777791
801198999921
801198999931
801198999941
801198999951
801198999961
801198999971
802218111132
802218111142
802218111152
802218111162
802218111172
802218111192
802238333312
802238333342
802238333352
802238333362
802238333372
802238333392
802248444412
802248444432
802248444452
802248444462
802248444472
802248444492
802258555512
802258555532
802258555542
802258555562
802258555572
802258555592
802268666612
802268666632
802268666642
802268666652
802268666672
802268666692
802278777712
802278777732
802278777742
802278777752
802278777762
802278777792
802298999912
802298999932
802298999942
802298999952
802298999962
802298999972
803318111123
803318111143
803318111153
803318111163
803318111173
803318111193
803328222213
803328222243
803328222253
803328222263
803328222273
803328222293
803348444413
803348444423
803348444453
803348444463
803348444473
803348444493
803358555513
803358555523
803358555543
803358555563
803358555573
803358555593
803368666613
803368666623
803368666643
803368666653
803368666673
803368666693
803378777713
803378777723
803378777743
803378777753
803378777763
803378777793
803398999913
803398999923
803398999943
803398999953
803398999963
803398999973
804418111124
804418111134
804418111154
804418111164
804418111174
804418111194
804428222214
804428222234
804428222254
804428222264
804428222274
804428222294
804438333314
804438333324
804438333354
804438333364
804438333374
804438333394
804458555514
804458555524
804458555534
804458555564
804458555574
804458555594
804468666614
804468666624
804468666634
804468666654
804468666674
804468666694
804478777714
804478777724
804478777734
804478777754
804478777764
804478777794
804498999914
804498999924
804498999934
804498999954
804498999964
804498999974
805518111125
805518111135
805518111145
805518111165
805518111175
805518111195
805528222215
805528222235
805528222245
805528222265
805528222275
805528222295
805538333315
805538333325
805538333345
805538333365
805538333375
805538333395
805548444415
805548444425
805548444435
805548444465
805548444475
805548444495
805568666615
805568666625
805568666635
805568666645
805568666675
805568666695
805578777715
805578777725
805578777735
805578777745
805578777765
805578777795
805598999915
805598999925
805598999935
805598999945
805598999965
805598999975
806618111126
806618111136
806618111146
806618111156
806618111176
806618111196
806628222216
806628222236
806628222246
806628222256
806628222276
806628222296
806638333316
806638333326
806638333346
806638333356
806638333376
806638333396
806648444416
806648444426
806648444436
806648444456
806648444476
806648444496
806658555516
806658555526
806658555536
806658555546
806658555576
806658555596
806678777716
806678777726
806678777736
806678777746
806678777756
806678777796
806698999916
806698999926
806698999936
806698999946
806698999956
806698999976
807718111127
807718111137
807718111147
807718111157
807718111167
807718111197
807728222217
807728222237
807728222247
807728222257
807728222267
807728222297
807738333317
807738333327
807738333347
807738333357
807738333367
807738333397
807748444417
807748444427
807748444437
807748444457
807748444467
807748444497
807758555517
807758555527
807758555537
807758555547
807758555567
807758555597
807768666617
807768666627
807768666637
807768666647
807768666657
807768666697
807798999917
807798999927
807798999937
807798999947
807798999957
807798999967
809918111129
809918111139
809918111149
809918111159
809918111169
809918111179
809928222219
809928222239
809928222249
809928222259
809928222269
809928222279
809938333319
809938333329
809938333349
809938333359
809938333369
809938333379
809948444419
809948444429
809948444439
809948444459
809948444469
809948444479
809958555519
809958555529
809958555539
809958555549
809958555569
809958555579
809968666619
809968666629
809968666639
809968666649
809968666659
809968666679
809978777719
809978777729
809978777739
809978777749
809978777759
809978777769
810028222230
810028222240
810028222250
810028222260
810028222270
810028222290
810038333320
810038333340
810038333350
810038333360
810038333370
810038333390
810048444420
810048444430
810048444450
810048444460
810048444470
810048444490
810058555520
810058555530
810058555540
810058555560
810058555570
810058555590
810068666620
810068666630
810068666640
810068666650
810068666670
810068666690
810078777720
810078777730
810078777740
810078777750
810078777760
810078777790
810098999920
810098999930
810098999940
810098999950
810098999960
810098999970
812208000032
812208000042
812208000052
812208000062
812208000072
812208000092
812238333302
812238333342
812238333352
812238333362
812238333372
812238333392
812248444402
812248444432
812248444452
812248444462
812248444472
812248444492
812258555502
812258555532
812258555542
812258555562
812258555572
812258555592
812268666602
812268666632
812268666642
812268666652
812268666672
812268666692
812278777702
812278777732
812278777742
812278777752
812278777762
812278777792
812298999902
812298999932
812298999942
812298999952
812298999962
812298999972
813308000023
813308000043
813308000053
813308000063
813308000073
813308000093
813328222203
813328222243
813328222253
813328222263
813328222273
813328222293
813348444403
813348444423
813348444453
813348444463
813348444473
813348444493
813358555503
813358555523
813358555543
813358555563
813358555573
813358555593
813368666603
813368666623
813368666643
813368666653
813368666673
813368666693
813378777703
813378777723
813378777743
813378777753
813378777763
813378777793
813398999903
813398999923
813398999943
813398999953
813398999963
813398999973
814408000024
814408000034
814408000054
814408000064
814408000074
814408000094
814428222204
814428222234
814428222254
814428222264
814428222274
814428222294
814438333304
814438333324
814438333354
814438333364
814438333374
814438333394
814458555504
814458555524
814458555534
814458555564
814458555574
814458555594
814468666604
814468666624
814468666634
814468666654
814468666674
814468666694
814478777704
814478777724
814478777734
814478777754
814478777764
814478777794
814498999904
814498999924
814498999934
814498999954
814498999964
814498999974
815508000025
815508000035
815508000045
815508000065
815508000075
815508000095
815528222205
815528222235
815528222245
815528222265
815528222275
815528222295
815538333305
815538333325
815538333345
815538333365
815538333375
815538333395
815548444405
815548444425
815548444435
815548444465
815548444475
815548444495
815568666605
815568666625
815568666635
815568666645
815568666675
815568666695
815578777705
815578777725
815578777735
815578777745
815578777765
815578777795
815598999905
815598999925
815598999935
815598999945
815598999965
815598999975
816608000026
816608000036
816608000046
816608000056
816608000076
816608000096
816628222206
816628222236
816628222246
816628222256
816628222276
816628222296
816638333306
816638333326
816638333346
816638333356
816638333376
816638333396
816648444406
816648444426
816648444436
816648444456
816648444476
816648444496
816658555506
816658555526
816658555536
816658555546
816658555576
816658555596
816678777706
816678777726
816678777736
816678777746
816678777756
816678777796
816698999906
816698999926
816698999936
816698999946
816698999956
816698999976
817708000027
817708000037
817708000047
817708000057
817708000067
817708000097
817728222207
817728222237
817728222247
817728222257
817728222267
817728222297
817738333307
817738333327
817738333347
817738333357
817738333367
817738333397
817748444407
817748444427
817748444437
817748444457
817748444467
817748444497
817758555507
817758555527
817758555537
817758555547
817758555567
817758555597
817768666607
817768666627
817768666637
817768666647
817768666657
817768666697
817798999907
817798999927
817798999937
817798999947
817798999957
817798999967
819908000029
819908000039
819908000049
819908000059
819908000069
819908000079
819928222209
819928222239
819928222249
819928222259
819928222269
819928222279
819938333309
819938333329
819938333349
819938333359
819938333369
819938333379
819948444409
819948444429
819948444439
819948444459
819948444469
819948444479
819958555509
819958555529
819958555539
819958555549
819958555569
819958555579
819968666609
819968666629
819968666639
819968666649
819968666659
819968666679
819978777709
819978777729
819978777739
819978777749
819978777759
819978777769
820018111130
820018111140
820018111150
820018111160
820018111170
820018111190
820038333310
820038333340
820038333350
820038333360
820038333370
820038333390
820048444410
820048444430
820048444450
820048444460
820048444470
820048444490
820058555510
820058555530
820058555540
820058555560
820058555570
820058555590
820068666610
820068666630
820068666640
820068666650
820068666670
820068666690
820078777710
820078777730
820078777740
820078777750
820078777760
820078777790
820098999910
820098999930
820098999940
820098999950
820098999960
820098999970
821108000031
821108000041
821108000051
821108000061
821108000071
821108000091
821138333301
821138333341
821138333351
821138333361
821138333371
821138333391
821148444401
821148444431
821148444451
821148444461
821148444471
821148444491
821158555501
821158555531
821158555541
821158555561
821158555571
821158555591
821168666601
821168666631
821168666641
821168666651
821168666671
821168666691
821178777701
821178777731
821178777741
821178777751
821178777761
821178777791
821198999901
821198999931
821198999941
821198999951
821198999961
821198999971
823308000013
823308000043
823308000053
823308000063
823308000073
823308000093
823318111103
823318111143
823318111153
823318111163
823318111173
823318111193
823348444403
823348444413
823348444453
823348444463
823348444473
823348444493
823358555503
823358555513
823358555543
823358555563
823358555573
823358555593
823368666603
823368666613
823368666643
823368666653
823368666673
823368666693
823378777703
823378777713
823378777743
823378777753
823378777763
823378777793
823398999903
823398999913
823398999943
823398999953
823398999963
823398999973
824408000014
824408000034
824408000054
824408000064
824408000074
824408000094
824418111104
824418111134
824418111154
824418111164
824418111174
824418111194
824438333304
824438333314
824438333354
824438333364
824438333374
824438333394
824458555504
824458555514
824458555534
824458555564
824458555574
824458555594
824468666604
824468666614
824468666634
824468666654
824468666674
824468666694
824478777704
824478777714
824478777734
824478777754
824478777764
824478777794
824498999904
824498999914
824498999934
824498999954
824498999964
824498999974
825508000015
825508000035
825508000045
825508000065
825508000075
825508000095
825518111105
825518111135
825518111145
825518111165
825518111175
825518111195
825538333305
825538333315
825538333345
825538333365
825538333375
825538333395
825548444405
825548444415
825548444435
825548444465
825548444475
825548444495
825568666605
825568666615
825568666635
825568666645
825568666675
825568666695
825578777705
825578777715
825578777735
825578777745
825578777765
825578777795
825598999905
825598999915
825598999935
825598999945
825598999965
825598999975
826608000016
826608000036
826608000046
826608000056
826608000076
826608000096
826618111106
826618111136
826618111146
826618111156
826618111176
826618111196
826638333306
826638333316
826638333346
826638333356
826638333376
826638333396
826648444406
826648444416
826648444436
826648444456
826648444476
826648444496
826658555506
826658555516
826658555536
826658555546
826658555576
826658555596
826678777706
826678777716
826678777736
826678777746
826678777756
826678777796
826698999906
826698999916
826698999936
826698999946
826698999956
826698999976
827708000017
827708000037
827708000047
827708000057
827708000067
827708000097
827718111107
827718111137
827718111147
827718111157
827718111167
827718111197
827738333307
827738333317
827738333347
827738333357
827738333367
827738333397
827748444407
827748444417
827748444437
827748444457
827748444467
827748444497
827758555507
827758555517
827758555537
827758555547
827758555567
827758555597
827768666607
827768666617
827768666637
827768666647
827768666657
827768666697
827798999907
827798999917
827798999937
827798999947
827798999957
827798999967
829908000019
829908000039
829908000049
829908000059
829908000069
829908000079
829918111109
829918111139
829918111149
829918111159
829918111169
829918111179
829938333309
829938333319
829938333349
829938333359
829938333369
829938333379
829948444409
829948444419
829948444439
829948444459
829948444469
829948444479
829958555509
829958555519
829958555539
829958555549
829958555569
829958555579
829968666609
829968666619
829968666639
829968666649
829968666659
829968666679
829978777709
829978777719
829978777739
829978777749
829978777759
829978777769
830018111120
830018111140
830018111150
830018111160
830018111170
830018111190
830028222210
830028222240
830028222250
830028222260
830028222270
830028222290
830048444410
830048444420
830048444450
830048444460
830048444470
830048444490
830058555510
830058555520
830058555540
830058555560
830058555570
830058555590
830068666610
830068666620
830068666640
830068666650
830068666670
830068666690
830078777710
830078777720
830078777740
830078777750
830078777760
830078777790
830098999910
830098999920
830098999940
830098999950
830098999960
830098999970
831108000021
831108000041
831108000051
831108000061
831108000071
831108000091
831128222201
831128222241
831128222251
831128222261
831128222271
831128222291
831148444401
831148444421
831148444451
831148444461
831148444471
831148444491
831158555501
831158555521
831158555541
831158555561
831158555571
831158555591
831168666601
831168666621
831168666641
831168666651
831168666671
831168666691
831178777701
831178777721
831178777741
831178777751
831178777761
831178777791
831198999901
831198999921
831198999941
831198999951
831198999961
831198999971
832208000012
832208000042
832208000052
832208000062
832208000072
832208000092
832218111102
832218111142
832218111152
832218111162
832218111172
832218111192
832248444402
832248444412
832248444452
832248444462
832248444472
832248444492
832258555502
832258555512
832258555542
832258555562
832258555572
832258555592
832268666602
832268666612
832268666642
832268666652
832268666672
832268666692
832278777702
832278777712
832278777742
832278777752
832278777762
832278777792
832298999902
832298999912
832298999942
832298999952
832298999962
832298999972
834408000014
834408000024
834408000054
834408000064
834408000074
834408000094
834418111104
834418111124
834418111154
834418111164
834418111174
834418111194
834428222204
834428222214
834428222254
834428222264
834428222274
834428222294
834458555504
834458555514
834458555524
834458555564
834458555574
834458555594
834468666604
834468666614
834468666624
834468666654
834468666674
834468666694
834478777704
834478777714
834478777724
834478777754
834478777764
834478777794
834498999904
834498999914
834498999924
834498999954
834498999964
834498999974
835508000015
835508000025
835508000045
835508000065
835508000075
835508000095
835518111105
835518111125
835518111145
835518111165
835518111175
835518111195
835528222205
835528222215
835528222245
835528222265
835528222275
835528222295
835548444405
835548444415
835548444425
835548444465
835548444475
835548444495
835568666605
835568666615
835568666625
835568666645
835568666675
835568666695
835578777705
835578777715
835578777725
835578777745
835578777765
835578777795
835598999905
835598999915
835598999925
835598999945
835598999965
835598999975
836608000016
836608000026
836608000046
836608000056
836608000076
836608000096
836618111106
836618111126
836618111146
836618111156
836618111176
836618111196
836628222206
836628222216
836628222246
836628222256
836628222276
836628222296
836648444406
836648444416
836648444426
836648444456
836648444476
836648444496
836658555506
836658555516
836658555526
836658555546
836658555576
836658555596
836678777706
836678777716
836678777726
836678777746
836678777756
836678777796
836698999906
836698999916
836698999926
836698999946
836698999956
836698999976
837708000017
837708000027
837708000047
837708000057
837708000067
837708000097
837718111107
837718111127
837718111147
837718111157
837718111167
837718111197
837728222207
837728222217
837728222247
837728222257
837728222267
837728222297
837748444407
837748444417
837748444427
837748444457
837748444467
837748444497
837758555507
837758555517
837758555527
837758555547
837758555567
837758555597
837768666607
837768666617
837768666627
837768666647
837768666657
837768666697
837798999907
837798999917
837798999927
837798999947
837798999957
837798999967
839908000019
839908000029
839908000049
839908000059
839908000069
839908000079
839918111109
839918111129
839918111149
839918111159
839918111169
839918111179
839928222209
839928222219
839928222249
839928222259
839928222269
839928222279
839948444409
839948444419
839948444429
839948444459
839948444469
839948444479
839958555509
839958555519
839958555529
839958555549
839958555569
839958555579
839968666609
839968666619
839968666629
839968666649
839968666659
839968666679
839978777709
839978777719
839978777729
839978777749
839978777759
839978777769
840018111120
840018111130
840018111150
840018111160
840018111170
840018111190
840028222210
840028222230
840028222250
840028222260
840028222270
840028222290
840038333310
840038333320
840038333350
840038333360
840038333370
840038333390
840058555510
840058555520
840058555530
840058555560
840058555570
840058555590
840068666610
840068666620
840068666630
840068666650
840068666670
840068666690
840078777710
840078777720
840078777730
840078777750
840078777760
840078777790
840098999910
840098999920
840098999930
840098999950
840098999960
840098999970
841108000021
841108000031
841108000051
841108000061
841108000071
841108000091
841128222201
841128222231
841128222251
841128222261
841128222271
841128222291
841138333301
841138333321
841138333351
841138333361
841138333371
841138333391
841158555501
841158555521
841158555531
841158555561
841158555571
841158555591
841168666601
841168666621
841168666631
841168666651
841168666671
841168666691
841178777701
841178777721
841178777731
841178777751
841178777761
841178777791
841198999901
841198999921
841198999931
841198999951
841198999961
841198999971
842208000012
842208000032
842208000052
842208000062
842208000072
842208000092
842218111102
842218111132
842218111152
842218111162
842218111172
842218111192
842238333302
842238333312
842238333352
842238333362
842238333372
842238333392
842258555502
842258555512
842258555532
842258555562
842258555572
842258555592
842268666602
842268666612
842268666632
842268666652
842268666672
842268666692
842278777702
842278777712
842278777732
842278777752
842278777762
842278777792
842298999902
842298999912
842298999932
842298999952
842298999962
842298999972
843308000013
843308000023
843308000053
843308000063
843308000073
843308000093
843318111103
843318111123
843318111153
843318111163
843318111173
843318111193
843328222203
843328222213
843328222253
843328222263
843328222273
843328222293
843358555503
843358555513
843358555523
843358555563
843358555573
843358555593
843368666603
843368666613
843368666623
843368666653
843368666673
843368666693
843378777703
843378777713
843378777723
843378777753
843378777763
843378777793
843398999903
843398999913
843398999923
843398999953
843398999963
843398999973
845508000015
845508000025
845508000035
845508000065
845508000075
845508000095
845518111105
845518111125
845518111135
845518111165
845518111175
845518111195
845528222205
845528222215
845528222235
845528222265
845528222275
845528222295
845538333305
845538333315
845538333325
845538333365
845538333375
845538333395
845568666605
845568666615
845568666625
845568666635
845568666675
845568666695
845578777705
845578777715
845578777725
845578777735
845578777765
845578777795
845598999905
845598999915
845598999925
845598999935
845598999965
845598999975
846608000016
846608000026
846608000036
846608000056
846608000076
846608000096
846618111106
846618111126
846618111136
846618111156
846618111176
846618111196
846628222206
846628222216
846628222236
846628222256
846628222276
846628222296
846638333306
846638333316
846638333326
846638333356
846638333376
846638333396
846658555506
846658555516
846658555526
846658555536
846658555576
846658555596
846678777706
846678777716
846678777726
846678777736
846678777756
846678777796
846698999906
846698999916
846698999926
846698999936
846698999956
846698999976
847708000017
847708000027
847708000037
847708000057
847708000067
847708000097
847718111107
847718111127
847718111137
847718111157
847718111167
847718111197
847728222207
847728222217
847728222237
847728222257
847728222267
847728222297
847738333307
847738333317
847738333327
847738333357
847738333367
847738333397
847758555507
847758555517
847758555527
847758555537
847758555567
847758555597
847768666607
847768666617
847768666627
847768666637
847768666657
847768666697
847798999907
847798999917
847798999927
847798999937
847798999957
847798999967
849908000019
849908000029
849908000039
849908000059
849908000069
849908000079
849918111109
849918111129
849918111139
849918111159
849918111169
849918111179
849928222209
849928222219
849928222239
849928222259
849928222269
849928222279
849938333309
849938333319
849938333329
849938333359
849938333369
849938333379
849958555509
849958555519
849958555529
849958555539
849958555569
849958555579
849968666609
849968666619
849968666629
849968666639
849968666659
849968666679
849978777709
849978777719
849978777729
849978777739
849978777759
849978777769
850018111120
850018111130
850018111140
850018111160
850018111170
850018111190
850028222210
850028222230
850028222240
850028222260
850028222270
850028222290
850038333310
850038333320
850038333340
850038333360
850038333370
850038333390
850048444410
850048444420
850048444430
850048444460
850048444470
850048444490
850068666610
850068666620
850068666630
850068666640
850068666670
850068666690
850078777710
850078777720
850078777730
850078777740
850078777760
850078777790
850098999910
850098999920
850098999930
850098999940
850098999960
850098999970
851108000021
851108000031
851108000041
851108000061
851108000071
851108000091
851128222201
851128222231
851128222241
851128222261
851128222271
851128222291
851138333301
851138333321
851138333341
851138333361
851138333371
851138333391
851148444401
851148444421
851148444431
851148444461
851148444471
851148444491
851168666601
851168666621
851168666631
851168666641
851168666671
851168666691
851178777701
851178777721
851178777731
851178777741
851178777761
851178777791
851198999901
851198999921
851198999931
851198999941
851198999961
851198999971
852208000012
852208000032
852208000042
852208000062
852208000072
852208000092
852218111102
852218111132
852218111142
852218111162
852218111172
852218111192
852238333302
852238333312
852238333342
852238333362
852238333372
852238333392
852248444402
852248444412
852248444432
852248444462
852248444472
852248444492
852268666602
852268666612
852268666632
852268666642
852268666672
852268666692
852278777702
852278777712
852278777732
852278777742
852278777762
852278777792
852298999902
852298999912
852298999932
852298999942
852298999962
852298999972
853308000013
853308000023
853308000043
853308000063
853308000073
853308000093
853318111103
853318111123
853318111143
853318111163
853318111173
853318111193
853328222203
853328222213
853328222243
853328222263
853328222273
853328222293
853348444403
853348444413
853348444423
853348444463
853348444473
853348444493
853368666603
853368666613
853368666623
853368666643
853368666673
853368666693
853378777703
853378777713
853378777723
853378777743
853378777763
853378777793
853398999903
853398999913
853398999923
853398999943
853398999963
853398999973
854408000014
854408000024
854408000034
854408000064
854408000074
854408000094
854418111104
854418111124
854418111134
854418111164
854418111174
854418111194
854428222204
854428222214
854428222234
854428222264
854428222274
854428222294
854438333304
854438333314
854438333324
854438333364
854438333374
854438333394
854468666604
854468666614
854468666624
854468666634
854468666674
854468666694
854478777704
854478777714
854478777724
854478777734
854478777764
854478777794
854498999904
854498999914
854498999924
854498999934
854498999964
854498999974
856608000016
856608000026
856608000036
856608000046
856608000076
856608000096
856618111106
856618111126
856618111136
856618111146
856618111176
856618111196
856628222206
856628222216
856628222236
856628222246
856628222276
856628222296
856638333306
856638333316
856638333326
856638333346
856638333376
856638333396
856648444406
856648444416
856648444426
856648444436
856648444476
856648444496
856678777706
856678777716
856678777726
856678777736
856678777746
856678777796
856698999906
856698999916
856698999926
856698999936
856698999946
856698999976
857708000017
857708000027
857708000037
857708000047
857708000067
857708000097
857718111107
857718111127
857718111137
857718111147
857718111167
857718111197
857728222207
857728222217
857728222237
857728222247
857728222267
857728222297
857738333307
857738333317
857738333327
857738333347
857738333367
857738333397
857748444407
857748444417
857748444427
857748444437
857748444467
857748444497
857768666607
857768666617
857768666627
857768666637
857768666647
857768666697
857798999907
857798999917
857798999927
857798999937
857798999947
857798999967
859908000019
859908000029
859908000039
859908000049
859908000069
859908000079
859918111109
859918111129
859918111139
859918111149
859918111169
859918111179
859928222209
859928222219
859928222239
859928222249
859928222269
859928222279
859938333309
859938333319
859938333329
859938333349
859938333369
859938333379
859948444409
859948444419
859948444429
859948444439
859948444469
859948444479
859968666609
859968666619
859968666629
859968666639
859968666649
859968666679
859978777709
859978777719
859978777729
859978777739
859978777749
859978777769
860018111120
860018111130
860018111140
860018111150
860018111170
860018111190
860028222210
860028222230
860028222240
860028222250
860028222270
860028222290
860038333310
860038333320
860038333340
860038333350
860038333370
860038333390
860048444410
860048444420
860048444430
860048444450
860048444470
860048444490
860058555510
860058555520
860058555530
860058555540
860058555570
860058555590
860078777710
860078777720
860078777730
860078777740
860078777750
860078777790
860098999910
860098999920
860098999930
860098999940
860098999950
860098999970
861108000021
861108000031
861108000041
861108000051
861108000071
861108000091
861128222201
861128222231
861128222241
861128222251
861128222271
861128222291
861138333301
861138333321
861138333341
861138333351
861138333371
861138333391
861148444401
861148444421
861148444431
861148444451
861148444471
861148444491
861158555501
861158555521
861158555531
861158555541
861158555571
861158555591
861178777701
861178777721
861178777731
861178777741
861178777751
861178777791
861198999901
861198999921
861198999931
861198999941
861198999951
861198999971
862208000012
862208000032
862208000042
862208000052
862208000072
862208000092
862218111102
862218111132
862218111142
862218111152
862218111172
862218111192
862238333302
862238333312
862238333342
862238333352
862238333372
862238333392
862248444402
862248444412
862248444432
862248444452
862248444472
862248444492
862258555502
862258555512
862258555532
862258555542
862258555572
862258555592
862278777702
862278777712
862278777732
862278777742
862278777752
862278777792
862298999902
862298999912
862298999932
862298999942
862298999952
862298999972
863308000013
863308000023
863308000043
863308000053
863308000073
863308000093
863318111103
863318111123
863318111143
863318111153
863318111173
863318111193
863328222203
863328222213
863328222243
863328222253
863328222273
863328222293
863348444403
863348444413
863348444423
863348444453
863348444473
863348444493
863358555503
863358555513
863358555523
863358555543
863358555573
863358555593
863378777703
863378777713
863378777723
863378777743
863378777753
863378777793
863398999903
863398999913
863398999923
863398999943
863398999953
863398999973
864408000014
864408000024
864408000034
864408000054
864408000074
864408000094
864418111104
864418111124
864418111134
864418111154
864418111174
864418111194
864428222204
864428222214
864428222234
864428222254
864428222274
864428222294
864438333304
864438333314
864438333324
864438333354
864438333374
864438333394
864458555504
864458555514
864458555524
864458555534
864458555574
864458555594
864478777704
864478777714
864478777724
864478777734
864478777754
864478777794
864498999904
864498999914
864498999924
864498999934
864498999954
864498999974
865508000015
865508000025
865508000035
865508000045
865508000075
865508000095
865518111105
865518111125
865518111135
865518111145
865518111175
865518111195
865528222205
865528222215
865528222235
865528222245
865528222275
865528222295
865538333305
865538333315
865538333325
865538333345
865538333375
865538333395
865548444405
865548444415
865548444425
865548444435
865548444475
865548444495
865578777705
865578777715
865578777725
865578777735
865578777745
865578777795
865598999905
865598999915
865598999925
865598999935
865598999945
865598999975
867708000017
867708000027
867708000037
867708000047
867708000057
867708000097
867718111107
867718111127
867718111137
867718111147
867718111157
867718111197
867728222207
867728222217
867728222237
867728222247
867728222257
867728222297
867738333307
867738333317
867738333327
867738333347
867738333357
867738333397
867748444407
867748444417
867748444427
867748444437
867748444457
867748444497
867758555507
867758555517
867758555527
867758555537
867758555547
867758555597
867798999907
867798999917
867798999927
867798999937
867798999947
867798999957
869908000019
869908000029
869908000039
869908000049
869908000059
869908000079
869918111109
869918111129
869918111139
869918111149
869918111159
869918111179
869928222209
869928222219
869928222239
869928222249
869928222259
869928222279
869938333309
869938333319
869938333329
869938333349
869938333359
869938333379
869948444409
869948444419
869948444429
869948444439
869948444459
869948444479
869958555509
869958555519
869958555529
869958555539
869958555549
869958555579
869978777709
869978777719
869978777729
869978777739
869978777749
869978777759
870018111120
870018111130
870018111140
870018111150
870018111160
870018111190
870028222210
870028222230
870028222240
870028222250
870028222260
870028222290
870038333310
870038333320
870038333340
870038333350
870038333360
870038333390
870048444410
870048444420
870048444430
870048444450
870048444460
870048444490
870058555510
870058555520
870058555530
870058555540
870058555560
870058555590
870068666610
870068666620
870068666630
870068666640
870068666650
870068666690
870098999910
870098999920
870098999930
870098999940
870098999950
870098999960
871108000021
871108000031
871108000041
871108000051
871108000061
871108000091
871128222201
871128222231
871128222241
871128222251
871128222261
871128222291
871138333301
871138333321
871138333341
871138333351
871138333361
871138333391
871148444401
871148444421
871148444431
871148444451
871148444461
871148444491
871158555501
871158555521
871158555531
871158555541
871158555561
871158555591
871168666601
871168666621
871168666631
871168666641
871168666651
871168666691
871198999901
871198999921
871198999931
871198999941
871198999951
871198999961
872208000012
872208000032
872208000042
872208000052
872208000062
872208000092
872218111102
872218111132
872218111142
872218111152
872218111162
872218111192
872238333302
872238333312
872238333342
872238333352
872238333362
872238333392
872248444402
872248444412
872248444432
872248444452
872248444462
872248444492
872258555502
872258555512
872258555532
872258555542
872258555562
872258555592
872268666602
872268666612
872268666632
872268666642
872268666652
872268666692
872298999902
872298999912
872298999932
872298999942
872298999952
872298999962
873308000013
873308000023
873308000043
873308000053
873308000063
873308000093
873318111103
873318111123
873318111143
873318111153
873318111163
873318111193
873328222203
873328222213
873328222243
873328222253
873328222263
873328222293
873348444403
873348444413
873348444423
873348444453
873348444463
873348444493
873358555503
873358555513
873358555523
873358555543
873358555563
873358555593
873368666603
873368666613
873368666623
873368666643
873368666653
873368666693
873398999903
873398999913
873398999923
873398999943
873398999953
873398999963
874408000014
874408000024
874408000034
874408000054
874408000064
874408000094
874418111104
874418111124
874418111134
874418111154
874418111164
874418111194
874428222204
874428222214
874428222234
874428222254
874428222264
874428222294
874438333304
874438333314
874438333324
874438333354
874438333364
874438333394
874458555504
874458555514
874458555524
874458555534
874458555564
874458555594
874468666604
874468666614
874468666624
874468666634
874468666654
874468666694
874498999904
874498999914
874498999924
874498999934
874498999954
874498999964
875508000015
875508000025
875508000035
875508000045
875508000065
875508000095
875518111105
875518111125
875518111135
875518111145
875518111165
875518111195
875528222205
875528222215
875528222235
875528222245
875528222265
875528222295
875538333305
875538333315
875538333325
875538333345
875538333365
875538333395
875548444405
875548444415
875548444425
875548444435
875548444465
875548444495
875568666605
875568666615
875568666625
875568666635
875568666645
875568666695
875598999905
875598999915
875598999925
875598999935
875598999945
875598999965
876608000016
876608000026
876608000036
876608000046
876608000056
876608000096
876618111106
876618111126
876618111136
876618111146
876618111156
876618111196
876628222206
876628222216
876628222236
876628222246
876628222256
876628222296
876638333306
876638333316
876638333326
876638333346
876638333356
876638333396
876648444406
876648444416
876648444426
876648444436
876648444456
876648444496
876658555506
876658555516
876658555526
876658555536
876658555546
876658555596
876698999906
876698999916
876698999926
876698999936
876698999946
876698999956
879908000019
879908000029
879908000039
879908000049
879908000059
879908000069
879918111109
879918111129
879918111139
879918111149
879918111159
879918111169
879928222209
879928222219
879928222239
879928222249
879928222259
879928222269
879938333309
879938333319
879938333329
879938333349
879938333359
879938333369
879948444409
879948444419
879948444429
879948444439
879948444459
879948444469
879958555509
879958555519
879958555529
879958555539
879958555549
879958555569
879968666609
879968666619
879968666629
879968666639
879968666649
879968666659
890018111120
890018111130
890018111140
890018111150
890018111160
890018111170
890028222210
890028222230
890028222240
890028222250
890028222260
890028222270
890038333310
890038333320
890038333340
890038333350
890038333360
890038333370
890048444410
890048444420
890048444430
890048444450
890048444460
890048444470
890058555510
890058555520
890058555530
890058555540
890058555560
890058555570
890068666610
890068666620
890068666630
890068666640
890068666650
890068666670
890078777710
890078777720
890078777730
890078777740
890078777750
890078777760
891108000021
891108000031
891108000041
891108000051
891108000061
891108000071
891128222201
891128222231
891128222241
891128222251
891128222261
891128222271
891138333301
891138333321
891138333341
891138333351
891138333361
891138333371
891148444401
891148444421
891148444431
891148444451
891148444461
891148444471
891158555501
891158555521
891158555531
891158555541
891158555561
891158555571
891168666601
891168666621
891168666631
891168666641
891168666651
891168666671
891178777701
891178777721
891178777731
891178777741
891178777751
891178777761
892208000012
892208000032
892208000042
892208000052
892208000062
892208000072
892218111102
892218111132
892218111142
892218111152
892218111162
892218111172
892238333302
892238333312
892238333342
892238333352
892238333362
892238333372
892248444402
892248444412
892248444432
892248444452
892248444462
892248444472
892258555502
892258555512
892258555532
892258555542
892258555562
892258555572
892268666602
892268666612
892268666632
892268666642
892268666652
892268666672
892278777702
892278777712
892278777732
892278777742
892278777752
892278777762
893308000013
893308000023
893308000043
893308000053
893308000063
893308000073
893318111103
893318111123
893318111143
893318111153
893318111163
893318111173
893328222203
893328222213
893328222243
893328222253
893328222263
893328222273
893348444403
893348444413
893348444423
893348444453
893348444463
893348444473
893358555503
893358555513
893358555523
893358555543
893358555563
893358555573
893368666603
893368666613
893368666623
893368666643
893368666653
893368666673
893378777703
893378777713
893378777723
893378777743
893378777753
893378777763
894408000014
894408000024
894408000034
894408000054
894408000064
894408000074
894418111104
894418111124
894418111134
894418111154
894418111164
894418111174
894428222204
894428222214
894428222234
894428222254
894428222264
894428222274
894438333304
894438333314
894438333324
894438333354
894438333364
894438333374
894458555504
894458555514
894458555524
894458555534
894458555564
894458555574
894468666604
894468666614
894468666624
894468666634
894468666654
894468666674
894478777704
894478777714
894478777724
894478777734
894478777754
894478777764
895508000015
895508000025
895508000035
895508000045
895508000065
895508000075
895518111105
895518111125
895518111135
895518111145
895518111165
895518111175
895528222205
895528222215
895528222235
895528222245
895528222265
895528222275
895538333305
895538333315
895538333325
895538333345
895538333365
895538333375
895548444405
895548444415
895548444425
895548444435
895548444465
895548444475
895568666605
895568666615
895568666625
895568666635
895568666645
895568666675
895578777705
895578777715
895578777725
895578777735
895578777745
895578777765
896608000016
896608000026
896608000036
896608000046
896608000056
896608000076
896618111106
896618111126
896618111136
896618111146
896618111156
896618111176
896628222206
896628222216
896628222236
896628222246
896628222256
896628222276
896638333306
896638333316
896638333326
896638333346
896638333356
896638333376
896648444406
896648444416
896648444426
896648444436
896648444456
896648444476
896658555506
896658555516
896658555526
896658555536
896658555546
896658555576
896678777706
896678777716
896678777726
896678777736
896678777746
896678777756
897708000017
897708000027
897708000037
897708000047
897708000057
897708000067
897718111107
897718111127
897718111137
897718111147
897718111157
897718111167
897728222207
897728222217
897728222237
897728222247
897728222257
897728222267
897738333307
897738333317
897738333327
897738333347
897738333357
897738333367
897748444407
897748444417
897748444427
897748444437
897748444457
897748444467
897758555507
897758555517
897758555527
897758555537
897758555547
897758555567
897768666607
897768666617
897768666627
897768666637
897768666647
897768666657
901129222231
901129222241
901129222251
901129222261
901129222271
901129222281
901139333321
901139333341
901139333351
901139333361
901139333371
901139333381
901149444421
901149444431
901149444451
901149444461
901149444471
901149444481
901159555521
901159555531
901159555541
901159555561
901159555571
901159555581
901169666621
901169666631
901169666641
901169666651
901169666671
901169666681
901179777721
901179777731
901179777741
901179777751
901179777761
901179777781
901189888821
901189888831
901189888841
901189888851
901189888861
901189888871
902219111132
902219111142
902219111152
902219111162
902219111172
902219111182
902239333312
902239333342
902239333352
902239333362
902239333372
902239333382
902249444412
902249444432
902249444452
902249444462
902249444472
902249444482
902259555512
902259555532
902259555542
902259555562
902259555572
902259555582
902269666612
902269666632
902269666642
902269666652
902269666672
902269666682
902279777712
902279777732
902279777742
902279777752
902279777762
902279777782
902289888812
902289888832
902289888842
902289888852
902289888862
902289888872
903319111123
903319111143
903319111153
903319111163
903319111173
903319111183
903329222213
903329222243
903329222253
903329222263
903329222273
903329222283
903349444413
903349444423
903349444453
903349444463
903349444473
903349444483
903359555513
903359555523
903359555543
903359555563
903359555573
903359555583
903369666613
903369666623
903369666643
903369666653
903369666673
903369666683
903379777713
903379777723
903379777743
903379777753
903379777763
903379777783
903389888813
903389888823
903389888843
903389888853
903389888863
903389888873
904419111124
904419111134
904419111154
904419111164
904419111174
904419111184
904429222214
904429222234
904429222254
904429222264
904429222274
904429222284
904439333314
904439333324
904439333354
904439333364
904439333374
904439333384
904459555514
904459555524
904459555534
904459555564
904459555574
904459555584
904469666614
904469666624
904469666634
904469666654
904469666674
904469666684
904479777714
904479777724
904479777734
904479777754
904479777764
904479777784
904489888814
904489888824
904489888834
904489888854
904489888864
904489888874
905519111125
905519111135
905519111145
905519111165
905519111175
905519111185
905529222215
905529222235
905529222245
905529222265
905529222275
905529222285
905539333315
905539333325
905539333345
905539333365
905539333375
905539333385
905549444415
905549444425
905549444435
905549444465
905549444475
905549444485
905569666615
905569666625
905569666635
905569666645
905569666675
905569666685
905579777715
905579777725
905579777735
905579777745
905579777765
905579777785
905589888815
905589888825
905589888835
905589888845
905589888865
905589888875
906619111126
906619111136
906619111146
906619111156
906619111176
906619111186
906629222216
906629222236
906629222246
906629222256
906629222276
906629222286
906639333316
906639333326
906639333346
906639333356
906639333376
906639333386
906649444416
906649444426
906649444436
906649444456
906649444476
906649444486
906659555516
906659555526
906659555536
906659555546
906659555576
906659555586
906679777716
906679777726
906679777736
906679777746
906679777756
906679777786
906689888816
906689888826
906689888836
906689888846
906689888856
906689888876
907719111127
907719111137
907719111147
907719111157
907719111167
907719111187
907729222217
907729222237
907729222247
907729222257
907729222267
907729222287
907739333317
907739333327
907739333347
907739333357
907739333367
907739333387
907749444417
907749444427
907749444437
907749444457
907749444467
907749444487
907759555517
907759555527
907759555537
907759555547
907759555567
907759555587
907769666617
907769666627
907769666637
907769666647
907769666657
907769666687
907789888817
907789888827
907789888837
907789888847
907789888857
907789888867
908819111128
908819111138
908819111148
908819111158
908819111168
908819111178
908829222218
908829222238
908829222248
908829222258
908829222268
908829222278
908839333318
908839333328
908839333348
908839333358
908839333368
908839333378
908849444418
908849444428
908849444438
908849444458
908849444468
908849444478
908859555518
908859555528
908859555538
908859555548
908859555568
908859555578
908869666618
908869666628
908869666638
908869666648
908869666658
908869666678
908879777718
908879777728
908879777738
908879777748
908879777758
908879777768
910029222230
910029222240
910029222250
910029222260
910029222270
910029222280
910039333320
910039333340
910039333350
910039333360
910039333370
910039333380
910049444420
910049444430
910049444450
910049444460
910049444470
910049444480
910059555520
910059555530
910059555540
910059555560
910059555570
910059555580
910069666620
910069666630
910069666640
910069666650
910069666670
910069666680
910079777720
910079777730
910079777740
910079777750
910079777760
910079777780
910089888820
910089888830
910089888840
910089888850
910089888860
910089888870
912209000032
912209000042
912209000052
912209000062
912209000072
912209000082
912239333302
912239333342
912239333352
912239333362
912239333372
912239333382
912249444402
912249444432
912249444452
912249444462
912249444472
912249444482
912259555502
912259555532
912259555542
912259555562
912259555572
912259555582
912269666602
912269666632
912269666642
912269666652
912269666672
912269666682
912279777702
912279777732
912279777742
912279777752
912279777762
912279777782
912289888802
912289888832
912289888842
912289888852
912289888862
912289888872
913309000023
913309000043
913309000053
913309000063
913309000073
913309000083
913329222203
913329222243
913329222253
913329222263
913329222273
913329222283
913349444403
913349444423
913349444453
913349444463
913349444473
913349444483
913359555503
913359555523
913359555543
913359555563
913359555573
913359555583
913369666603
913369666623
913369666643
913369666653
913369666673
913369666683
913379777703
913379777723
913379777743
913379777753
913379777763
913379777783
913389888803
913389888823
913389888843
913389888853
913389888863
913389888873
914409000024
914409000034
914409000054
914409000064
914409000074
914409000084
914429222204
914429222234
914429222254
914429222264
914429222274
914429222284
914439333304
914439333324
914439333354
914439333364
914439333374
914439333384
914459555504
914459555524
914459555534
914459555564
914459555574
914459555584
914469666604
914469666624
914469666634
914469666654
914469666674
914469666684
914479777704
914479777724
914479777734
914479777754
914479777764
914479777784
914489888804
914489888824
914489888834
914489888854
914489888864
914489888874
915509000025
915509000035
915509000045
915509000065
915509000075
915509000085
915529222205
915529222235
915529222245
915529222265
915529222275
915529222285
915539333305
915539333325
915539333345
915539333365
915539333375
915539333385
915549444405
915549444425
915549444435
915549444465
915549444475
915549444485
915569666605
915569666625
915569666635
915569666645
915569666675
915569666685
915579777705
915579777725
915579777735
915579777745
915579777765
915579777785
915589888805
915589888825
915589888835
915589888845
915589888865
915589888875
916609000026
916609000036
916609000046
916609000056
916609000076
916609000086
916629222206
916629222236
916629222246
916629222256
916629222276
916629222286
916639333306
916639333326
916639333346
916639333356
916639333376
916639333386
916649444406
916649444426
916649444436
916649444456
916649444476
916649444486
916659555506
916659555526
916659555536
916659555546
916659555576
916659555586
916679777706
916679777726
916679777736
916679777746
916679777756
916679777786
916689888806
916689888826
916689888836
916689888846
916689888856
916689888876
917709000027
917709000037
917709000047
917709000057
917709000067
917709000087
917729222207
917729222237
917729222247
917729222257
917729222267
917729222287
917739333307
917739333327
917739333347
917739333357
917739333367
917739333387
917749444407
917749444427
917749444437
917749444457
917749444467
917749444487
917759555507
917759555527
917759555537
917759555547
917759555567
917759555587
917769666607
917769666627
917769666637
917769666647
917769666657
917769666687
917789888807
917789888827
917789888837
917789888847
917789888857
917789888867
918809000028
918809000038
918809000048
918809000058
918809000068
918809000078
918829222208
918829222238
918829222248
918829222258
918829222268
918829222278
918839333308
918839333328
918839333348
918839333358
918839333368
918839333378
918849444408
918849444428
918849444438
918849444458
918849444468
918849444478
918859555508
918859555528
918859555538
918859555548
918859555568
918859555578
918869666608
918869666628
918869666638
918869666648
918869666658
918869666678
918879777708
918879777728
918879777738
918879777748
918879777758
918879777768
920019111130
920019111140
920019111150
920019111160
920019111170
920019111180
920039333310
920039333340
920039333350
920039333360
920039333370
920039333380
920049444410
920049444430
920049444450
920049444460
920049444470
920049444480
920059555510
920059555530
920059555540
920059555560
920059555570
920059555580
920069666610
920069666630
920069666640
920069666650
920069666670
920069666680
920079777710
920079777730
920079777740
920079777750
920079777760
920079777780
920089888810
920089888830
920089888840
920089888850
920089888860
920089888870
921109000031
921109000041
921109000051
921109000061
921109000071
921109000081
921139333301
921139333341
921139333351
921139333361
921139333371
921139333381
921149444401
921149444431
921149444451
921149444461
921149444471
921149444481
921159555501
921159555531
921159555541
921159555561
921159555571
921159555581
921169666601
921169666631
921169666641
921169666651
921169666671
921169666681
921179777701
921179777731
921179777741
921179777751
921179777761
921179777781
921189888801
921189888831
921189888841
921189888851
921189888861
921189888871
923309000013
923309000043
923309000053
923309000063
923309000073
923309000083
923319111103
923319111143
923319111153
923319111163
923319111173
923319111183
923349444403
923349444413
923349444453
923349444463
923349444473
923349444483
923359555503
923359555513
923359555543
923359555563
923359555573
923359555583
923369666603
923369666613
923369666643
923369666653
923369666673
923369666683
923379777703
923379777713
923379777743
923379777753
923379777763
923379777783
923389888803
923389888813
923389888843
923389888853
923389888863
923389888873
924409000014
924409000034
924409000054
924409000064
924409000074
924409000084
924419111104
924419111134
924419111154
924419111164
924419111174
924419111184
924439333304
924439333314
924439333354
924439333364
924439333374
924439333384
924459555504
924459555514
924459555534
924459555564
924459555574
924459555584
924469666604
924469666614
924469666634
924469666654
924469666674
924469666684
924479777704
924479777714
924479777734
924479777754
924479777764
924479777784
924489888804
924489888814
924489888834
924489888854
924489888864
924489888874
925509000015
925509000035
925509000045
925509000065
925509000075
925509000085
925519111105
925519111135
925519111145
925519111165
925519111175
925519111185
925539333305
925539333315
925539333345
925539333365
925539333375
925539333385
925549444405
925549444415
925549444435
925549444465
925549444475
925549444485
925569666605
925569666615
925569666635
925569666645
925569666675
925569666685
925579777705
925579777715
925579777735
925579777745
925579777765
925579777785
925589888805
925589888815
925589888835
925589888845
925589888865
925589888875
926609000016
926609000036
926609000046
926609000056
926609000076
926609000086
926619111106
926619111136
926619111146
926619111156
926619111176
926619111186
926639333306
926639333316
926639333346
926639333356
926639333376
926639333386
926649444406
926649444416
926649444436
926649444456
926649444476
926649444486
926659555506
926659555516
926659555536
926659555546
926659555576
926659555586
926679777706
926679777716
926679777736
926679777746
926679777756
926679777786
926689888806
926689888816
926689888836
926689888846
926689888856
926689888876
927709000017
927709000037
927709000047
927709000057
927709000067
927709000087
927719111107
927719111137
927719111147
927719111157
927719111167
927719111187
927739333307
927739333317
927739333347
927739333357
927739333367
927739333387
927749444407
927749444417
927749444437
927749444457
927749444467
927749444487
927759555507
927759555517
927759555537
927759555547
927759555567
927759555587
927769666607
927769666617
927769666637
927769666647
927769666657
927769666687
927789888807
927789888817
927789888837
927789888847
927789888857
927789888867
928809000018
928809000038
928809000048
928809000058
928809000068
928809000078
928819111108
928819111138
928819111148
928819111158
928819111168
928819111178
928839333308
928839333318
928839333348
928839333358
928839333368
928839333378
928849444408
928849444418
928849444438
928849444458
928849444468
928849444478
928859555508
928859555518
928859555538
928859555548
928859555568
928859555578
928869666608
928869666618
928869666638
928869666648
928869666658
928869666678
928879777708
928879777718
928879777738
928879777748
928879777758
928879777768
930019111120
930019111140
930019111150
930019111160
930019111170
930019111180
930029222210
930029222240
930029222250
930029222260
930029222270
930029222280
930049444410
930049444420
930049444450
930049444460
930049444470
930049444480
930059555510
930059555520
930059555540
930059555560
930059555570
930059555580
930069666610
930069666620
930069666640
930069666650
930069666670
930069666680
930079777710
930079777720
930079777740
930079777750
930079777760
930079777780
930089888810
930089888820
930089888840
930089888850
930089888860
930089888870
931109000021
931109000041
931109000051
931109000061
931109000071
931109000081
931129222201
931129222241
931129222251
931129222261
931129222271
931129222281
931149444401
931149444421
931149444451
931149444461
931149444471
931149444481
931159555501
931159555521
931159555541
931159555561
931159555571
931159555581
931169666601
931169666621
931169666641
931169666651
931169666671
931169666681
931179777701
931179777721
931179777741
931179777751
931179777761
931179777781
931189888801
931189888821
931189888841
931189888851
931189888861
931189888871
932209000012
932209000042
932209000052
932209000062
932209000072
932209000082
932219111102
932219111142
932219111152
932219111162
932219111172
932219111182
932249444402
932249444412
932249444452
932249444462
932249444472
932249444482
932259555502
932259555512
932259555542
932259555562
932259555572
932259555582
932269666602
932269666612
932269666642
932269666652
932269666672
932269666682
932279777702
932279777712
932279777742
932279777752
932279777762
932279777782
932289888802
932289888812
932289888842
932289888852
932289888862
932289888872
934409000014
934409000024
934409000054
934409000064
934409000074
934409000084
934419111104
934419111124
934419111154
934419111164
934419111174
934419111184
934429222204
934429222214
934429222254
934429222264
934429222274
934429222284
934459555504
934459555514
934459555524
934459555564
934459555574
934459555584
934469666604
934469666614
934469666624
934469666654
934469666674
934469666684
934479777704
934479777714
934479777724
934479777754
934479777764
934479777784
934489888804
934489888814
934489888824
934489888854
934489888864
934489888874
935509000015
935509000025
935509000045
935509000065
935509000075
935509000085
935519111105
935519111125
935519111145
935519111165
935519111175
935519111185
935529222205
935529222215
935529222245
935529222265
935529222275
935529222285
935549444405
935549444415
935549444425
935549444465
935549444475
935549444485
935569666605
935569666615
935569666625
935569666645
935569666675
935569666685
935579777705
935579777715
935579777725
935579777745
935579777765
935579777785
935589888805
935589888815
935589888825
935589888845
935589888865
935589888875
936609000016
936609000026
936609000046
936609000056
936609000076
936609000086
936619111106
936619111126
936619111146
936619111156
936619111176
936619111186
936629222206
936629222216
936629222246
936629222256
936629222276
936629222286
936649444406
936649444416
936649444426
936649444456
936649444476
936649444486
936659555506
936659555516
936659555526
936659555546
936659555576
936659555586
936679777706
936679777716
936679777726
936679777746
936679777756
936679777786
936689888806
936689888816
936689888826
936689888846
936689888856
936689888876
937709000017
937709000027
937709000047
937709000057
937709000067
937709000087
937719111107
937719111127
937719111147
937719111157
937719111167
937719111187
937729222207
937729222217
937729222247
937729222257
937729222267
937729222287
937749444407
937749444417
937749444427
937749444457
937749444467
937749444487
937759555507
937759555517
937759555527
937759555547
937759555567
937759555587
937769666607
937769666617
937769666627
937769666647
937769666657
937769666687
937789888807
937789888817
937789888827
937789888847
937789888857
937789888867
938809000018
938809000028
938809000048
938809000058
938809000068
938809000078
938819111108
938819111128
938819111148
938819111158
938819111168
938819111178
938829222208
938829222218
938829222248
938829222258
938829222268
938829222278
938849444408
938849444418
938849444428
938849444458
938849444468
938849444478
938859555508
938859555518
938859555528
938859555548
938859555568
938859555578
938869666608
938869666618
938869666628
938869666648
938869666658
938869666678
938879777708
938879777718
938879777728
938879777748
938879777758
938879777768
940019111120
940019111130
940019111150
940019111160
940019111170
940019111180
940029222210
940029222230
940029222250
940029222260
940029222270
940029222280
940039333310
940039333320
940039333350
940039333360
940039333370
940039333380
940059555510
940059555520
940059555530
940059555560
940059555570
940059555580
940069666610
940069666620
940069666630
940069666650
940069666670
940069666680
940079777710
940079777720
940079777730
940079777750
940079777760
940079777780
940089888810
940089888820
940089888830
940089888850
940089888860
940089888870
941109000021
941109000031
941109000051
941109000061
941109000071
941109000081
941129222201
941129222231
941129222251
941129222261
941129222271
941129222281
941139333301
941139333321
941139333351
941139333361
941139333371
941139333381
941159555501
941159555521
941159555531
941159555561
941159555571
941159555581
941169666601
941169666621
941169666631
941169666651
941169666671
941169666681
941179777701
941179777721
941179777731
941179777751
941179777761
941179777781
941189888801
941189888821
941189888831
941189888851
941189888861
941189888871
942209000012
942209000032
942209000052
942209000062
942209000072
942209000082
942219111102
942219111132
942219111152
942219111162
942219111172
942219111182
942239333302
942239333312
942239333352
942239333362
942239333372
942239333382
942259555502
942259555512
942259555532
942259555562
942259555572
942259555582
942269666602
942269666612
942269666632
942269666652
942269666672
942269666682
942279777702
942279777712
942279777732
942279777752
942279777762
942279777782
942289888802
942289888812
942289888832
942289888852
942289888862
942289888872
943309000013
943309000023
943309000053
943309000063
943309000073
943309000083
943319111103
943319111123
943319111153
943319111163
943319111173
943319111183
943329222203
943329222213
943329222253
943329222263
943329222273
943329222283
943359555503
943359555513
943359555523
943359555563
943359555573
943359555583
943369666603
943369666613
943369666623
943369666653
943369666673
943369666683
943379777703
943379777713
943379777723
943379777753
943379777763
943379777783
943389888803
943389888813
943389888823
943389888853
943389888863
943389888873
945509000015
945509000025
945509000035
945509000065
945509000075
945509000085
945519111105
945519111125
945519111135
945519111165
945519111175
945519111185
945529222205
945529222215
945529222235
945529222265
945529222275
945529222285
945539333305
945539333315
945539333325
945539333365
945539333375
945539333385
945569666605
945569666615
945569666625
945569666635
945569666675
945569666685
945579777705
945579777715
945579777725
945579777735
945579777765
945579777785
945589888805
945589888815
945589888825
945589888835
945589888865
945589888875
946609000016
946609000026
946609000036
946609000056
946609000076
946609000086
946619111106
946619111126
946619111136
946619111156
946619111176
946619111186
946629222206
946629222216
946629222236
946629222256
946629222276
946629222286
946639333306
946639333316
946639333326
946639333356
946639333376
946639333386
946659555506
946659555516
946659555526
946659555536
946659555576
946659555586
946679777706
946679777716
946679777726
946679777736
946679777756
946679777786
946689888806
946689888816
946689888826
946689888836
946689888856
946689888876
947709000017
947709000027
947709000037
947709000057
947709000067
947709000087
947719111107
947719111127
947719111137
947719111157
947719111167
947719111187
947729222207
947729222217
947729222237
947729222257
947729222267
947729222287
947739333307
947739333317
947739333327
947739333357
947739333367
947739333387
947759555507
947759555517
947759555527
947759555537
947759555567
947759555587
947769666607
947769666617
947769666627
947769666637
947769666657
947769666687
947789888807
947789888817
947789888827
947789888837
947789888857
947789888867
948809000018
948809000028
948809000038
948809000058
948809000068
948809000078
948819111108
948819111128
948819111138
948819111158
948819111168
948819111178
948829222208
948829222218
948829222238
948829222258
948829222268
948829222278
948839333308
948839333318
948839333328
948839333358
948839333368
948839333378
948859555508
948859555518
948859555528
948859555538
948859555568
948859555578
948869666608
948869666618
948869666628
948869666638
948869666658
948869666678
948879777708
948879777718
948879777728
948879777738
948879777758
948879777768
950019111120
950019111130
950019111140
950019111160
950019111170
950019111180
950029222210
950029222230
950029222240
950029222260
950029222270
950029222280
950039333310
950039333320
950039333340
950039333360
950039333370
950039333380
950049444410
950049444420
950049444430
950049444460
950049444470
950049444480
950069666610
950069666620
950069666630
950069666640
950069666670
950069666680
950079777710
950079777720
950079777730
950079777740
950079777760
950079777780
950089888810
950089888820
950089888830
950089888840
950089888860
950089888870
951109000021
951109000031
951109000041
951109000061
951109000071
951109000081
951129222201
951129222231
951129222241
951129222261
951129222271
951129222281
951139333301
951139333321
951139333341
951139333361
951139333371
951139333381
951149444401
951149444421
951149444431
951149444461
951149444471
951149444481
951169666601
951169666621
951169666631
951169666641
951169666671
951169666681
951179777701
951179777721
951179777731
951179777741
951179777761
951179777781
951189888801
951189888821
951189888831
951189888841
951189888861
951189888871
952209000012
952209000032
952209000042
952209000062
952209000072
952209000082
952219111102
952219111132
952219111142
952219111162
952219111172
952219111182
952239333302
952239333312
952239333342
952239333362
952239333372
952239333382
952249444402
952249444412
952249444432
952249444462
952249444472
952249444482
952269666602
952269666612
952269666632
952269666642
952269666672
952269666682
952279777702
952279777712
952279777732
952279777742
952279777762
952279777782
952289888802
952289888812
952289888832
952289888842
952289888862
952289888872
953309000013
953309000023
953309000043
953309000063
953309000073
953309000083
953319111103
953319111123
953319111143
953319111163
953319111173
953319111183
953329222203
953329222213
953329222243
953329222263
953329222273
953329222283
953349444403
953349444413
953349444423
953349444463
953349444473
953349444483
953369666603
953369666613
953369666623
953369666643
953369666673
953369666683
953379777703
953379777713
953379777723
953379777743
953379777763
953379777783
953389888803
953389888813
953389888823
953389888843
953389888863
953389888873
954409000014
954409000024
954409000034
954409000064
954409000074
954409000084
954419111104
954419111124
954419111134
954419111164
954419111174
954419111184
954429222204
954429222214
954429222234
954429222264
954429222274
954429222284
954439333304
954439333314
954439333324
954439333364
954439333374
954439333384
954469666604
954469666614
954469666624
954469666634
954469666674
954469666684
954479777704
954479777714
954479777724
954479777734
954479777764
954479777784
954489888804
954489888814
954489888824
954489888834
954489888864
954489888874
956609000016
956609000026
956609000036
956609000046
956609000076
956609000086
956619111106
956619111126
956619111136
956619111146
956619111176
956619111186
956629222206
956629222216
956629222236
956629222246
956629222276
956629222286
956639333306
956639333316
956639333326
956639333346
956639333376
956639333386
956649444406
956649444416
956649444426
956649444436
956649444476
956649444486
956679777706
956679777716
956679777726
956679777736
956679777746
956679777786
956689888806
956689888816
956689888826
956689888836
956689888846
956689888876
957709000017
957709000027
957709000037
957709000047
957709000067
957709000087
957719111107
957719111127
957719111137
957719111147
957719111167
957719111187
957729222207
957729222217
957729222237
957729222247
957729222267
957729222287
957739333307
957739333317
957739333327
957739333347
957739333367
957739333387
957749444407
957749444417
957749444427
957749444437
957749444467
957749444487
957769666607
957769666617
957769666627
957769666637
957769666647
957769666687
957789888807
957789888817
957789888827
957789888837
957789888847
957789888867
958809000018
958809000028
958809000038
958809000048
958809000068
958809000078
958819111108
958819111128
958819111138
958819111148
958819111168
958819111178
958829222208
958829222218
958829222238
958829222248
958829222268
958829222278
958839333308
958839333318
958839333328
958839333348
958839333368
958839333378
958849444408
958849444418
958849444428
958849444438
958849444468
958849444478
958869666608
958869666618
958869666628
958869666638
958869666648
958869666678
958879777708
958879777718
958879777728
958879777738
958879777748
958879777768
960019111120
960019111130
960019111140
960019111150
960019111170
960019111180
960029222210
960029222230
960029222240
960029222250
960029222270
960029222280
960039333310
960039333320
960039333340
960039333350
960039333370
960039333380
960049444410
960049444420
960049444430
960049444450
960049444470
960049444480
960059555510
960059555520
960059555530
960059555540
960059555570
960059555580
960079777710
960079777720
960079777730
960079777740
960079777750
960079777780
960089888810
960089888820
960089888830
960089888840
960089888850
960089888870
961109000021
961109000031
961109000041
961109000051
961109000071
961109000081
961129222201
961129222231
961129222241
961129222251
961129222271
961129222281
961139333301
961139333321
961139333341
961139333351
961139333371
961139333381
961149444401
961149444421
961149444431
961149444451
961149444471
961149444481
961159555501
961159555521
961159555531
961159555541
961159555571
961159555581
961179777701
961179777721
961179777731
961179777741
961179777751
961179777781
961189888801
961189888821
961189888831
961189888841
961189888851
961189888871
962209000012
962209000032
962209000042
962209000052
962209000072
962209000082
962219111102
962219111132
962219111142
962219111152
962219111172
962219111182
962239333302
962239333312
962239333342
962239333352
962239333372
962239333382
962249444402
962249444412
962249444432
962249444452
962249444472
962249444482
962259555502
962259555512
962259555532
962259555542
962259555572
962259555582
962279777702
962279777712
962279777732
962279777742
962279777752
962279777782
962289888802
962289888812
962289888832
962289888842
962289888852
962289888872
963309000013
963309000023
963309000043
963309000053
963309000073
963309000083
963319111103
963319111123
963319111143
963319111153
963319111173
963319111183
963329222203
963329222213
963329222243
963329222253
963329222273
963329222283
963349444403
963349444413
963349444423
963349444453
963349444473
963349444483
963359555503
963359555513
963359555523
963359555543
963359555573
963359555583
963379777703
963379777713
963379777723
963379777743
963379777753
963379777783
963389888803
963389888813
963389888823
963389888843
963389888853
963389888873
964409000014
964409000024
964409000034
964409000054
964409000074
964409000084
964419111104
964419111124
964419111134
964419111154
964419111174
964419111184
964429222204
964429222214
964429222234
964429222254
964429222274
964429222284
964439333304
964439333314
964439333324
964439333354
964439333374
964439333384
964459555504
964459555514
964459555524
964459555534
964459555574
964459555584
964479777704
964479777714
964479777724
964479777734
964479777754
964479777784
964489888804
964489888814
964489888824
964489888834
964489888854
964489888874
965509000015
965509000025
965509000035
965509000045
965509000075
965509000085
965519111105
965519111125
965519111135
965519111145
965519111175
965519111185
965529222205
965529222215
965529222235
965529222245
965529222275
965529222285
965539333305
965539333315
965539333325
965539333345
965539333375
965539333385
965549444405
965549444415
965549444425
965549444435
965549444475
965549444485
965579777705
965579777715
965579777725
965579777735
965579777745
965579777785
965589888805
965589888815
965589888825
965589888835
965589888845
965589888875
967709000017
967709000027
967709000037
967709000047
967709000057
967709000087
967719111107
967719111127
967719111137
967719111147
967719111157
967719111187
967729222207
967729222217
967729222237
967729222247
967729222257
967729222287
967739333307
967739333317
967739333327
967739333347
967739333357
967739333387
967749444407
967749444417
967749444427
967749444437
967749444457
967749444487
967759555507
967759555517
967759555527
967759555537
967759555547
967759555587
967789888807
967789888817
967789888827
967789888837
967789888847
967789888857
968809000018
968809000028
968809000038
968809000048
968809000058
968809000078
968819111108
968819111128
968819111138
968819111148
968819111158
968819111178
968829222208
968829222218
968829222238
968829222248
968829222258
968829222278
968839333308
968839333318
968839333328
968839333348
968839333358
968839333378
968849444408
968849444418
968849444428
968849444438
968849444458
968849444478
968859555508
968859555518
968859555528
968859555538
968859555548
968859555578
968879777708
968879777718
968879777728
968879777738
968879777748
968879777758
970019111120
970019111130
970019111140
970019111150
970019111160
970019111180
970029222210
970029222230
970029222240
970029222250
970029222260
970029222280
970039333310
970039333320
970039333340
970039333350
970039333360
970039333380
970049444410
970049444420
970049444430
970049444450
970049444460
970049444480
970059555510
970059555520
970059555530
970059555540
970059555560
970059555580
970069666610
970069666620
970069666630
970069666640
970069666650
970069666680
970089888810
970089888820
970089888830
970089888840
970089888850
970089888860
971109000021
971109000031
971109000041
971109000051
971109000061
971109000081
971129222201
971129222231
971129222241
971129222251
971129222261
971129222281
971139333301
971139333321
971139333341
971139333351
971139333361
971139333381
971149444401
971149444421
971149444431
971149444451
971149444461
971149444481
971159555501
971159555521
971159555531
971159555541
971159555561
971159555581
971169666601
971169666621
971169666631
971169666641
971169666651
971169666681
971189888801
971189888821
971189888831
971189888841
971189888851
971189888861
972209000012
972209000032
972209000042
972209000052
972209000062
972209000082
972219111102
972219111132
972219111142
972219111152
972219111162
972219111182
972239333302
972239333312
972239333342
972239333352
972239333362
972239333382
972249444402
972249444412
972249444432
972249444452
972249444462
972249444482
972259555502
972259555512
972259555532
972259555542
972259555562
972259555582
972269666602
972269666612
972269666632
972269666642
972269666652
972269666682
972289888802
972289888812
972289888832
972289888842
972289888852
972289888862
973309000013
973309000023
973309000043
973309000053
973309000063
973309000083
973319111103
973319111123
973319111143
973319111153
973319111163
973319111183
973329222203
973329222213
973329222243
973329222253
973329222263
973329222283
973349444403
973349444413
973349444423
973349444453
973349444463
973349444483
973359555503
973359555513
973359555523
973359555543
973359555563
973359555583
973369666603
973369666613
973369666623
973369666643
973369666653
973369666683
973389888803
973389888813
973389888823
973389888843
973389888853
973389888863
974409000014
974409000024
974409000034
974409000054
974409000064
974409000084
974419111104
974419111124
974419111134
974419111154
974419111164
974419111184
974429222204
974429222214
974429222234
974429222254
974429222264
974429222284
974439333304
974439333314
974439333324
974439333354
974439333364
974439333384
974459555504
974459555514
974459555524
974459555534
974459555564
974459555584
974469666604
974469666614
974469666624
974469666634
974469666654
974469666684
974489888804
974489888814
974489888824
974489888834
974489888854
974489888864
975509000015
975509000025
975509000035
975509000045
975509000065
975509000085
975519111105
975519111125
975519111135
975519111145
975519111165
975519111185
975529222205
975529222215
975529222235
975529222245
975529222265
975529222285
975539333305
975539333315
975539333325
975539333345
975539333365
975539333385
975549444405
975549444415
975549444425
975549444435
975549444465
975549444485
975569666605
975569666615
975569666625
975569666635
975569666645
975569666685
975589888805
975589888815
975589888825
975589888835
975589888845
975589888865
976609000016
976609000026
976609000036
976609000046
976609000056
976609000086
976619111106
976619111126
976619111136
976619111146
976619111156
976619111186
976629222206
976629222216
976629222236
976629222246
976629222256
976629222286
976639333306
976639333316
976639333326
976639333346
976639333356
976639333386
976649444406
976649444416
976649444426
976649444436
976649444456
976649444486
976659555506
976659555516
976659555526
976659555536
976659555546
976659555586
976689888806
976689888816
976689888826
976689888836
976689888846
976689888856
978809000018
978809000028
978809000038
978809000048
978809000058
978809000068
978819111108
978819111128
978819111138
978819111148
978819111158
978819111168
978829222208
978829222218
978829222238
978829222248
978829222258
978829222268
978839333308
978839333318
978839333328
978839333348
978839333358
978839333368
978849444408
978849444418
978849444428
978849444438
978849444458
978849444468
978859555508
978859555518
978859555528
978859555538
978859555548
978859555568
978869666608
978869666618
978869666628
978869666638
978869666648
978869666658
980019111120
980019111130
980019111140
980019111150
980019111160
980019111170
980029222210
980029222230
980029222240
980029222250
980029222260
980029222270
980039333310
980039333320
980039333340
980039333350
980039333360
980039333370
980049444410
980049444420
980049444430
980049444450
980049444460
980049444470
980059555510
980059555520
980059555530
980059555540
980059555560
980059555570
980069666610
980069666620
980069666630
980069666640
980069666650
980069666670
980079777710
980079777720
980079777730
980079777740
980079777750
980079777760
981109000021
981109000031
981109000041
981109000051
981109000061
981109000071
981129222201
981129222231
981129222241
981129222251
981129222261
981129222271
981139333301
981139333321
981139333341
981139333351
981139333361
981139333371
981149444401
981149444421
981149444431
981149444451
981149444461
981149444471
981159555501
981159555521
981159555531
981159555541
981159555561
981159555571
981169666601
981169666621
981169666631
981169666641
981169666651
981169666671
981179777701
981179777721
981179777731
981179777741
981179777751
981179777761
982209000012
982209000032
982209000042
982209000052
982209000062
982209000072
982219111102
982219111132
982219111142
982219111152
982219111162
982219111172
982239333302
982239333312
982239333342
982239333352
982239333362
982239333372
982249444402
982249444412
982249444432
982249444452
982249444462
982249444472
982259555502
982259555512
982259555532
982259555542
982259555562
982259555572
982269666602
982269666612
982269666632
982269666642
982269666652
982269666672
982279777702
982279777712
982279777732
982279777742
982279777752
982279777762
983309000013
983309000023
983309000043
983309000053
983309000063
983309000073
983319111103
983319111123
983319111143
983319111153
983319111163
983319111173
983329222203
983329222213
983329222243
983329222253
983329222263
983329222273
983349444403
983349444413
983349444423
983349444453
983349444463
983349444473
983359555503
983359555513
983359555523
983359555543
983359555563
983359555573
983369666603
983369666613
983369666623
983369666643
983369666653
983369666673
983379777703
983379777713
983379777723
983379777743
983379777753
983379777763
984409000014
984409000024
984409000034
984409000054
984409000064
984409000074
984419111104
984419111124
984419111134
984419111154
984419111164
984419111174
984429222204
984429222214
984429222234
984429222254
984429222264
984429222274
984439333304
984439333314
984439333324
984439333354
984439333364
984439333374
984459555504
984459555514
984459555524
984459555534
984459555564
984459555574
984469666604
984469666614
984469666624
984469666634
984469666654
984469666674
984479777704
984479777714
984479777724
984479777734
984479777754
984479777764
985509000015
985509000025
985509000035
985509000045
985509000065
985509000075
985519111105
985519111125
985519111135
985519111145
985519111165
985519111175
985529222205
985529222215
985529222235
985529222245
985529222265
985529222275
985539333305
985539333315
985539333325
985539333345
985539333365
985539333375
985549444405
985549444415
985549444425
985549444435
985549444465
985549444475
985569666605
985569666615
985569666625
985569666635
985569666645
985569666675
985579777705
985579777715
985579777725
985579777735
985579777745
985579777765
986609000016
986609000026
986609000036
986609000046
986609000056
986609000076
986619111106
986619111126
986619111136
986619111146
986619111156
986619111176
986629222206
986629222216
986629222236
986629222246
986629222256
986629222276
986639333306
986639333316
986639333326
986639333346
986639333356
986639333376
986649444406
986649444416
986649444426
986649444436
986649444456
986649444476
986659555506
986659555516
986659555526
986659555536
986659555546
986659555576
986679777706
986679777716
986679777726
986679777736
986679777746
986679777756
987709000017
987709000027
987709000037
987709000047
987709000057
987709000067
987719111107
987719111127
987719111137
987719111147
987719111157
987719111167
987729222207
987729222217
987729222237
987729222247
987729222257
987729222267
987739333307
987739333317
987739333327
987739333347
987739333357
987739333367
987749444407
987749444417
987749444427
987749444437
987749444457
987749444467
987759555507
987759555517
987759555527
987759555537
987759555547
987759555567
987769666607
987769666617
987769666627
987769666637
987769666647
987769666657